antecedent,consequent,confidence,coverage,leverage,lift,strength,support
"ASSORTED COLOUR BIRD ORNAMENT, JUMBO BAG RED RETROSPOT",LUNCH BAG RED RETROSPOT,0.4111111111111111,0.0646725949878739,-0.010461153855118836,0.6559042705646316,12.922222222222222,48
"HEART OF WICKER SMALL, JUMBO BAG RED RETROSPOT",LUNCH BAG RED RETROSPOT,0.42045454545454547,0.13635138776610078,-0.0195711134594356,0.670811185804737,6.607954545454546,105
"HEART OF WICKER SMALL, JUMBO BAG RED RETROSPOT",NATURAL SLATE HEART CHALKBOARD ,0.43478260869565216,0.13635138776610078,-0.007073728457444897,0.893398815542395,4.0675675675675675,110
"HEART OF WICKER SMALL, JUMBO BAG RED RETROSPOT",WHITE HANGING HEART T-LIGHT HOLDER,0.4308300395256917,0.13635138776610078,-0.03347255542797342,0.5563014184689777,8.553571428571429,109
"HEART OF WICKER SMALL, JUMBO BAG RED RETROSPOT, NATURAL SLATE HEART CHALKBOARD ",LUNCH BAG RED RETROSPOT,0.5522388059701493,0.059283212072217734,-0.002691786913006922,0.8810654380718934,17.35820895522388,58
"HEART OF WICKER SMALL, JUMBO BAG RED RETROSPOT, NATURAL SLATE HEART CHALKBOARD ",PARTY BUNTING,0.5074626865671642,0.059283212072217734,-0.0029658307168830516,0.8606919697672515,16.328358208955223,52
"HEART OF WICKER SMALL, JUMBO BAG RED RETROSPOT, NATURAL SLATE HEART CHALKBOARD ",REGENCY CAKESTAND 3 TIER,0.45454545454545453,0.059283212072217734,-0.005801828280260401,0.8228381374722837,9.318181818181818,50
"HEART OF WICKER SMALL, JUMBO BAG RED RETROSPOT, NATURAL SLATE HEART CHALKBOARD ",SET OF 3 CAKE TINS PANTRY DESIGN ,0.41935483870967744,0.050121261115602264,-0.0018337843728372487,0.9197552047586365,9.096774193548388,39
"HEART OF WICKER SMALL, JUMBO BAG RED RETROSPOT, NATURAL SLATE HEART CHALKBOARD ",WHITE HANGING HEART T-LIGHT HOLDER,0.6363636363636364,0.059283212072217734,-0.004806440770050018,0.8216929208578477,24.775862068965516,70
"HEART OF WICKER SMALL, JUMBO BAG RED RETROSPOT, PARTY BUNTING",LUNCH BAG RED RETROSPOT,0.4691358024691358,0.043654001616814875,-0.0068820284992485575,0.7484793477914715,14.358024691358025,38
"HEART OF WICKER SMALL, JUMBO BAG RED RETROSPOT, PARTY BUNTING",NATURAL SLATE HEART CHALKBOARD ,0.6419753086419753,0.043654001616814875,0.00678007897602596,1.3191419548008696,17.037735849056602,52
"HEART OF WICKER SMALL, JUMBO BAG RED RETROSPOT, PARTY BUNTING",REGENCY CAKESTAND 3 TIER,0.43209876543209874,0.043654001616814875,-0.005252143172856506,0.7822041553748871,12.654320987654321,35
"HEART OF WICKER SMALL, JUMBO BAG RED RETROSPOT, PARTY BUNTING",WHITE HANGING HEART T-LIGHT HOLDER,0.5802469135802469,0.043654001616814875,-0.008441333386486503,0.7492332276605068,21.13235294117647,47
"HEART OF WICKER SMALL, JUMBO BAG RED RETROSPOT, PARTY BUNTING, NATURAL SLATE HEART CHALKBOARD ",WHITE HANGING HEART T-LIGHT HOLDER,0.6538461538461539,0.02802479116141202,-0.0033800188083799895,0.8442669022000965,27.634615384615383,34
"HEART OF WICKER SMALL, JUMBO BAG RED RETROSPOT, REGENCY CAKESTAND 3 TIER",LUNCH BAG RED RETROSPOT,0.6129032258064516,0.04311506332524926,-0.0004638558079387164,0.9778520511469226,18.758064516129032,48
"HEART OF WICKER SMALL, JUMBO BAG RED RETROSPOT, REGENCY CAKESTAND 3 TIER",NATURAL SLATE HEART CHALKBOARD ,0.625,0.04311506332524926,0.005964482790245173,1.2842607973421927,14.564516129032258,50
"HEART OF WICKER SMALL, JUMBO BAG RED RETROSPOT, REGENCY CAKESTAND 3 TIER",PARTY BUNTING,0.4375,0.04311506332524926,-0.006557736069966419,0.7420303930530164,13.675,35
"HEART OF WICKER SMALL, JUMBO BAG RED RETROSPOT, REGENCY CAKESTAND 3 TIER",WHITE HANGING HEART T-LIGHT HOLDER,0.6,0.04311506332524926,-0.007521609268867252,0.7747390396659707,17.9625,48
"HEART OF WICKER SMALL, JUMBO BAG RED RETROSPOT, REGENCY CAKESTAND 3 TIER, NATURAL SLATE HEART CHALKBOARD ",LUNCH BAG RED RETROSPOT,0.74,0.026946914578280787,0.0030507886529018836,1.180627687016337,23.26,37
"HEART OF WICKER SMALL, JUMBO BAG RED RETROSPOT, REGENCY CAKESTAND 3 TIER, NATURAL SLATE HEART CHALKBOARD ",WHITE HANGING HEART T-LIGHT HOLDER,0.72,0.026946914578280787,-0.0014673760436483378,0.929686847599165,28.74,36
"HEART OF WICKER SMALL, JUMBO BAG RED RETROSPOT, SET OF 3 CAKE TINS PANTRY DESIGN ",NATURAL SLATE HEART CHALKBOARD ,0.5584415584415584,0.04149824845055241,0.0029787559413371988,1.147495361781076,12.541666666666666,43
"HEART OF WICKER SMALL, JUMBO BAG RED RETROSPOT, SET OF 3 CAKE TINS PANTRY DESIGN ",WHITE HANGING HEART T-LIGHT HOLDER,0.5584415584415584,0.04149824845055241,-0.0075538497163820904,0.7210774611609684,23.177419354838708,43
"HEART OF WICKER SMALL, JUMBO BAG RED RETROSPOT, WHITE HANGING HEART T-LIGHT HOLDER",NATURAL SLATE HEART CHALKBOARD ,0.569620253164557,0.042576125033683646,0.0035320717297675397,1.170465536818201,11.430379746835444,45
"HEART OF WICKER SMALL, JUMBO BAG RED RETROSPOT, WHITE HANGING HEART T-LIGHT HOLDER",SET OF 3 CAKE TINS PANTRY DESIGN ,0.43037974683544306,0.042576125033683646,-0.0010883329444873954,0.943935721339438,10.708860759493671,34
"HEART OF WICKER SMALL, LUNCH BAG  BLACK SKULL., JUMBO BAG RED RETROSPOT",LUNCH BAG RED RETROSPOT,0.7307692307692307,0.036108865534896256,0.002914129819066463,1.1659005225213308,22.365384615384617,47
"HEART OF WICKER SMALL, LUNCH BAG  BLACK SKULL., JUMBO BAG RED RETROSPOT",NATURAL SLATE HEART CHALKBOARD ,0.582089552238806,0.036108865534896256,0.0034458067485791874,1.1960876679724304,13.477611940298507,39
"HEART OF WICKER SMALL, LUNCH BAG RED RETROSPOT, JUMBO BAG RED RETROSPOT",LUNCH BAG  BLACK SKULL.,0.5135135135135135,0.056588520614389654,-0.0001757249616799771,0.9914925331158421,12.986486486486486,47
"HEART OF WICKER SMALL, LUNCH BAG RED RETROSPOT, JUMBO BAG RED RETROSPOT",NATURAL SLATE HEART CHALKBOARD ,0.5523809523809524,0.056588520614389654,0.0037189791890089702,1.1350419237462428,12.202702702702704,58
"HEART OF WICKER SMALL, LUNCH BAG RED RETROSPOT, JUMBO BAG RED RETROSPOT",REGENCY CAKESTAND 3 TIER,0.45714285714285713,0.056588520614389654,-0.005391125642548851,0.8275400696864111,11.647727272727273,48
"HEART OF WICKER SMALL, LUNCH BAG RED RETROSPOT, JUMBO BAG RED RETROSPOT",WHITE HANGING HEART T-LIGHT HOLDER,0.4857142857142857,0.056588520614389654,-0.015172180327793858,0.6271696987772144,16.329545454545453,51
"HEART OF WICKER SMALL, LUNCH BAG RED RETROSPOT, JUMBO BAG RED RETROSPOT, NATURAL SLATE HEART CHALKBOARD ",REGENCY CAKESTAND 3 TIER,0.6379310344827587,0.03125842091080571,0.0026731978261515196,1.154810765349033,17.67241379310345,37
"HEART OF WICKER SMALL, LUNCH BAG RED RETROSPOT, JUMBO BAG RED RETROSPOT, NATURAL SLATE HEART CHALKBOARD ",WHITE HANGING HEART T-LIGHT HOLDER,0.6551724137931034,0.03125842091080571,-0.003728564186918787,0.8459794111295084,24.775862068965516,38
"HEART OF WICKER SMALL, LUNCH BAG RED RETROSPOT, JUMBO BAG RED RETROSPOT, REGENCY CAKESTAND 3 TIER",NATURAL SLATE HEART CHALKBOARD ,0.7708333333333334,0.025869037995149554,0.007351257715106414,1.583921650055371,18.8125,37
"HEART OF WICKER SMALL, LUNCH BAG RED RETROSPOT, JUMBO BAG RED RETROSPOT, WHITE HANGING HEART T-LIGHT HOLDER",NATURAL SLATE HEART CHALKBOARD ,0.7450980392156863,0.0274858528698464,0.007103354814620695,1.5310403231059866,17.705882352941178,38
"HEART OF WICKER SMALL, NATURAL SLATE HEART CHALKBOARD ",WHITE HANGING HEART T-LIGHT HOLDER,0.5223367697594502,0.15683104284559418,-0.021210293329255354,0.6744578123094362,12.177966101694915,152
"HEART OF WICKER SMALL, PARTY BUNTING",NATURAL SLATE HEART CHALKBOARD ,0.43478260869565216,0.11156022635408246,-0.00576973305998662,0.893398815542395,7.224,90
"HEART OF WICKER SMALL, PARTY BUNTING",WHITE HANGING HEART T-LIGHT HOLDER,0.4444444444444444,0.11156022635408246,-0.028115412959832106,0.5738807701229413,9.58,92
"HEART OF WICKER SMALL, PARTY BUNTING, NATURAL SLATE HEART CHALKBOARD ",JUMBO BAG RED RETROSPOT,0.589041095890411,0.04850444624090541,-0.003155207039222465,0.8572280419016922,21.982758620689655,52
"HEART OF WICKER SMALL, PARTY BUNTING, NATURAL SLATE HEART CHALKBOARD ",REGENCY CAKESTAND 3 TIER,0.43333333333333335,0.04850444624090541,-0.005775832604111049,0.7844390243902439,11.38888888888889,39
"HEART OF WICKER SMALL, PARTY BUNTING, NATURAL SLATE HEART CHALKBOARD ",WHITE HANGING HEART T-LIGHT HOLDER,0.5555555555555556,0.04850444624090541,-0.010528248840487553,0.7173509626536767,19.684931506849313,50
"HEART OF WICKER SMALL, REGENCY CAKESTAND 3 TIER",JUMBO BAG RED RETROSPOT,0.42105263157894735,0.10239827539746699,-0.022875904556947633,0.6127554179566563,8.388157894736842,80
"HEART OF WICKER SMALL, REGENCY CAKESTAND 3 TIER",NATURAL SLATE HEART CHALKBOARD ,0.47368421052631576,0.10239827539746699,-0.0013288292556791657,0.9733344990382933,8.682692307692308,90
"HEART OF WICKER SMALL, REGENCY CAKESTAND 3 TIER",WHITE HANGING HEART T-LIGHT HOLDER,0.49473684210526314,0.10239827539746699,-0.01482363494925506,0.638819909900011,17.524390243902438,94
"HEART OF WICKER SMALL, REGENCY CAKESTAND 3 TIER, NATURAL SLATE HEART CHALKBOARD ",JUMBO BAG RED RETROSPOT,0.5555555555555556,0.04850444624090541,-0.006352675205592759,0.8084967320261439,17.95774647887324,50
"HEART OF WICKER SMALL, REGENCY CAKESTAND 3 TIER, NATURAL SLATE HEART CHALKBOARD ",LUNCH BAG RED RETROSPOT,0.4888888888888889,0.04850444624090541,-0.005659796038505841,0.7799942676984809,16.380281690140844,44
"HEART OF WICKER SMALL, REGENCY CAKESTAND 3 TIER, NATURAL SLATE HEART CHALKBOARD ",PARTY BUNTING,0.43333333333333335,0.04850444624090541,-0.007579554938049326,0.734963436928702,12.155555555555555,39
"HEART OF WICKER SMALL, REGENCY CAKESTAND 3 TIER, NATURAL SLATE HEART CHALKBOARD ",SET OF 3 CAKE TINS PANTRY DESIGN ,0.43333333333333335,0.04850444624090541,-0.001096610897227692,0.9504137115839244,9.4,39
"HEART OF WICKER SMALL, REGENCY CAKESTAND 3 TIER, NATURAL SLATE HEART CHALKBOARD ",WHITE HANGING HEART T-LIGHT HOLDER,0.7058823529411765,0.04850444624090541,-0.0018847591344485477,0.9114576937246714,28.176470588235293,59
"HEART OF WICKER SMALL, REGENCY CAKESTAND 3 TIER, PARTY BUNTING",JUMBO BAG RED RETROSPOT,0.5555555555555556,0.03395311236863379,-0.004467916071144211,0.8084967320261439,20.238095238095237,35
"HEART OF WICKER SMALL, REGENCY CAKESTAND 3 TIER, PARTY BUNTING",NATURAL SLATE HEART CHALKBOARD ,0.6190476190476191,0.03395311236863379,0.004494928337980968,1.2720297421294098,14.333333333333334,39
"HEART OF WICKER SMALL, REGENCY CAKESTAND 3 TIER, PARTY BUNTING",WHITE HANGING HEART T-LIGHT HOLDER,0.5555555555555556,0.03395311236863379,-0.007432294515616685,0.7173509626536767,22.80952380952381,35
"HEART OF WICKER SMALL, SET OF 3 CAKE TINS PANTRY DESIGN ",JUMBO BAG RED RETROSPOT,0.43636363636363634,0.10132039881433576,-0.014566147050859523,0.6350374331550802,12.878787878787879,77
"HEART OF WICKER SMALL, SET OF 3 CAKE TINS PANTRY DESIGN ",NATURAL SLATE HEART CHALKBOARD ,0.4308510638297872,0.10132039881433576,-0.005011646861664736,0.8853202092316392,7.525,81
"HEART OF WICKER SMALL, SET OF 3 CAKE TINS PANTRY DESIGN ",WHITE HANGING HEART T-LIGHT HOLDER,0.44680851063829785,0.10132039881433576,-0.018458527565691545,0.5769333274108293,15.619565217391305,84
"HEART OF WICKER SMALL, SET OF 3 CAKE TINS PANTRY DESIGN , NATURAL SLATE HEART CHALKBOARD ",JUMBO BAG RED RETROSPOT,0.5492957746478874,0.043654001616814875,-0.0052747986224615274,0.7993869096934549,17.95774647887324,43
"HEART OF WICKER SMALL, SET OF 3 CAKE TINS PANTRY DESIGN , NATURAL SLATE HEART CHALKBOARD ",REGENCY CAKESTAND 3 TIER,0.48148148148148145,0.043654001616814875,-0.0030963900065940427,0.8715989159891598,12.654320987654321,39
"HEART OF WICKER SMALL, SET OF 3 CAKE TINS PANTRY DESIGN , NATURAL SLATE HEART CHALKBOARD ",WHITE HANGING HEART T-LIGHT HOLDER,0.6666666666666666,0.043654001616814875,-0.0044417751677538015,0.8608211551844119,23.557377049180328,54
"HEART OF WICKER SMALL, WHITE HANGING HEART T-LIGHT HOLDER, JUMBO BAG RED RETROSPOT",LUNCH BAG RED RETROSPOT,0.46788990825688076,0.05874427378065211,-0.008844338980421989,0.7464915948156855,12.922222222222222,51
"HEART OF WICKER SMALL, WHITE HANGING HEART T-LIGHT HOLDER, JUMBO BAG RED RETROSPOT",NATURAL SLATE HEART CHALKBOARD ,0.6422018348623854,0.05874427378065211,0.009137117098394577,1.3196074247919778,14.80327868852459,70
"HEART OF WICKER SMALL, WHITE HANGING HEART T-LIGHT HOLDER, JUMBO BAG RED RETROSPOT",PARTY BUNTING,0.43119266055045874,0.05874427378065211,-0.008657431521180557,0.7313327071767607,12.155555555555555,47
"HEART OF WICKER SMALL, WHITE HANGING HEART T-LIGHT HOLDER, JUMBO BAG RED RETROSPOT",REGENCY CAKESTAND 3 TIER,0.44036697247706424,0.05874427378065211,-0.006581989019223076,0.7971716267621392,9.403669724770642,48
"HEART OF WICKER SMALL, WHITE HANGING HEART T-LIGHT HOLDER, JUMBO BAG RED RETROSPOT",SET OF 3 CAKE TINS PANTRY DESIGN ,0.43333333333333335,0.04850444624090541,-0.001096610897227692,0.9504137115839244,9.4,39
"HEART OF WICKER SMALL, WHITE HANGING HEART T-LIGHT HOLDER, JUMBO BAG RED RETROSPOT, NATURAL SLATE HEART CHALKBOARD ",LUNCH BAG RED RETROSPOT,0.5428571428571428,0.0377256804095931,-0.00316624430954286,0.8660975310158456,16.614285714285714,38
"HEART OF WICKER SMALL, WHITE HANGING HEART T-LIGHT HOLDER, JUMBO BAG RED RETROSPOT, NATURAL SLATE HEART CHALKBOARD ",PARTY BUNTING,0.4857142857142857,0.0377256804095931,-0.003919102327186663,0.8238051710629407,15.628571428571428,34
"HEART OF WICKER SMALL, WHITE HANGING HEART T-LIGHT HOLDER, JUMBO BAG RED RETROSPOT, NATURAL SLATE HEART CHALKBOARD ",REGENCY CAKESTAND 3 TIER,0.5142857142857142,0.0377256804095931,-0.0014383305954367713,0.9309825783972124,14.642857142857142,36
"HEART OF WICKER SMALL, WHITE HANGING HEART T-LIGHT HOLDER, JUMBO BAG RED RETROSPOT, PARTY BUNTING",NATURAL SLATE HEART CHALKBOARD ,0.723404255319149,0.02533009970358394,0.005996723237760012,1.4864635611790487,19.21276595744681,34
"HEART OF WICKER SMALL, WHITE HANGING HEART T-LIGHT HOLDER, JUMBO BAG RED RETROSPOT, REGENCY CAKESTAND 3 TIER",NATURAL SLATE HEART CHALKBOARD ,0.75,0.025869037995149554,0.006812319423540799,1.5411129568106312,18.8125,36
"JUMBO BAG RED RETROSPOT, HEART OF WICKER SMALL",WHITE HANGING HEART T-LIGHT HOLDER,0.4,0.05389382915656157,-0.02018077741739638,0.5164926931106472,14.37,40
"JUMBO BAG RED RETROSPOT, LUNCH BAG  BLACK SKULL.",LUNCH BAG RED RETROSPOT,0.6588235294117647,0.14120183239019132,0.002935332996260907,1.0511152698396642,8.427536231884059,156
"JUMBO BAG RED RETROSPOT, LUNCH BAG RED RETROSPOT",LUNCH BAG  BLACK SKULL.,0.44921875,0.20587442737806522,-0.008707825373827626,0.8673521234391259,4.71078431372549,156
"JUMBO BAG RED RETROSPOT, NATURAL SLATE HEART CHALKBOARD ",LUNCH BAG RED RETROSPOT,0.4,0.16976556184316896,-0.03850032251339558,0.6381771281169389,3.6920634920634923,126
"JUMBO BAG RED RETROSPOT, NATURAL SLATE HEART CHALKBOARD ",WHITE HANGING HEART T-LIGHT HOLDER,0.5142857142857142,0.16976556184316896,-0.017449488694821727,0.6640620339994034,16.517241379310345,162
"JUMBO BAG RED RETROSPOT, NATURAL SLATE HEART CHALKBOARD , PARTY BUNTING",LUNCH BAG RED RETROSPOT,0.5070422535211268,0.05874427378065211,-0.00458191945537461,0.8089569229651339,16.380281690140844,53
"JUMBO BAG RED RETROSPOT, NATURAL SLATE HEART CHALKBOARD , PARTY BUNTING",WHITE HANGING HEART T-LIGHT HOLDER,0.6055045871559633,0.05874427378065211,-0.007833557382659475,0.7818467372775852,21.13235294117647,66
"JUMBO BAG RED RETROSPOT, PARTY BUNTING",WHITE HANGING HEART T-LIGHT HOLDER,0.4031746031746032,0.16976556184316896,-0.06303051057323297,0.5205918414686682,4.561904761904762,127
"JUMBO BAG RED RETROSPOT, PARTY BUNTING, NATURAL SLATE HEART CHALKBOARD ",HEART OF WICKER SMALL,0.4788732394366197,0.05874427378065211,0.0016207360102054088,1.0654068294660046,11.746478873239436,52
"JUMBO BAG RED RETROSPOT, REGENCY CAKESTAND 3 TIER",LUNCH BAG RED RETROSPOT,0.41203703703703703,0.13904607922392886,-0.024998981593972083,0.6573815324352728,5.3842592592592595,106
"JUMBO BAG RED RETROSPOT, REGENCY CAKESTAND 3 TIER",WHITE HANGING HEART T-LIGHT HOLDER,0.42248062015503873,0.13904607922392886,-0.048940563645802085,0.5455203832273308,5.569767441860465,109
"JUMBO BAG RED RETROSPOT, REGENCY CAKESTAND 3 TIER, NATURAL SLATE HEART CHALKBOARD ",HEART OF WICKER SMALL,0.5434782608695652,0.04958232282403665,0.004660923074510071,1.209141382546137,11.583333333333334,50
"JUMBO BAG RED RETROSPOT, REGENCY CAKESTAND 3 TIER, NATURAL SLATE HEART CHALKBOARD ",LUNCH BAG  BLACK SKULL.,0.44565217391304346,0.04958232282403665,-0.003583191718619897,0.8604657738768493,10.445652173913043,41
"JUMBO BAG RED RETROSPOT, REGENCY CAKESTAND 3 TIER, NATURAL SLATE HEART CHALKBOARD ",LUNCH BAG RED RETROSPOT,0.6666666666666666,0.04958232282403665,0.0010961752155045183,1.063628546861565,22.80392156862745,57
"JUMBO BAG RED RETROSPOT, REGENCY CAKESTAND 3 TIER, NATURAL SLATE HEART CHALKBOARD ",PARTY BUNTING,0.44565217391304346,0.04958232282403665,-0.0071371927617871695,0.7558570463397186,11.891304347826088,41
"JUMBO BAG RED RETROSPOT, REGENCY CAKESTAND 3 TIER, NATURAL SLATE HEART CHALKBOARD ",SET OF 3 CAKE TINS PANTRY DESIGN ,0.5555555555555556,0.04958232282403665,0.003865368247995265,1.2184791174152878,11.75,47
"JUMBO BAG RED RETROSPOT, REGENCY CAKESTAND 3 TIER, NATURAL SLATE HEART CHALKBOARD ",WHITE HANGING HEART T-LIGHT HOLDER,0.6521739130434783,0.04958232282403665,-0.006062946859682384,0.8421076518108378,19.958333333333332,60
"JUMBO BAG RED RETROSPOT, REGENCY CAKESTAND 3 TIER, PARTY BUNTING",HEART OF WICKER SMALL,0.42168674698795183,0.044731878199946104,-0.0012429999562139867,0.9381771691080871,10.048192771084338,35
"JUMBO BAG RED RETROSPOT, REGENCY CAKESTAND 3 TIER, PARTY BUNTING",LUNCH BAG RED RETROSPOT,0.46987951807228917,0.044731878199946104,-0.007018687333083978,0.749665903510862,14.012048192771084,39
"JUMBO BAG RED RETROSPOT, REGENCY CAKESTAND 3 TIER, PARTY BUNTING",NATURAL SLATE HEART CHALKBOARD ,0.4939759036144578,0.044731878199946104,0.0003271969741032962,1.015030220549974,10.879518072289157,41
"JUMBO BAG RED RETROSPOT, REGENCY CAKESTAND 3 TIER, PARTY BUNTING",WHITE HANGING HEART T-LIGHT HOLDER,0.5542168674698795,0.044731878199946104,-0.009519209969617736,0.7156224061171617,21.13235294117647,46
"JUMBO BAG RED RETROSPOT, SET OF 3 CAKE TINS PANTRY DESIGN ",WHITE HANGING HEART T-LIGHT HOLDER,0.42560553633217996,0.15575316626246294,-0.04036155483479276,0.5495553741575225,7.185,123
"JUMBO BAG RED RETROSPOT, SET OF 3 CAKE TINS PANTRY DESIGN , NATURAL SLATE HEART CHALKBOARD ",HEART OF WICKER SMALL,0.4105263157894737,0.05119913769873349,-0.0019941152469650954,0.9133472169632716,8.778947368421052,39
"JUMBO BAG RED RETROSPOT, SET OF 3 CAKE TINS PANTRY DESIGN , NATURAL SLATE HEART CHALKBOARD ",LUNCH BAG RED RETROSPOT,0.41284403669724773,0.05874427378065211,-0.01161120837705581,0.6586690542491342,12.242105263157894,45
"JUMBO BAG RED RETROSPOT, SET OF 3 CAKE TINS PANTRY DESIGN , NATURAL SLATE HEART CHALKBOARD ",REGENCY CAKESTAND 3 TIER,0.43119266055045874,0.05874427378065211,-0.006725473533388215,0.7805638845379279,10.789473684210526,47
"JUMBO BAG RED RETROSPOT, SET OF 3 CAKE TINS PANTRY DESIGN , NATURAL SLATE HEART CHALKBOARD ",WHITE HANGING HEART T-LIGHT HOLDER,0.6666666666666666,0.05874427378065211,-0.003136908406849178,0.8608211551844119,27.634615384615383,70
"JUMBO BAG RED RETROSPOT, SET OF 3 CAKE TINS PANTRY DESIGN , PARTY BUNTING",LUNCH BAG RED RETROSPOT,0.43209876543209874,0.043654001616814875,-0.008498843373945405,0.6893888729658291,14.358024691358025,35
"JUMBO BAG RED RETROSPOT, SET OF 3 CAKE TINS PANTRY DESIGN , PARTY BUNTING",NATURAL SLATE HEART CHALKBOARD ,0.4788732394366197,0.043654001616814875,-0.0002980062986506719,0.9839970052875391,12.71830985915493,38
"JUMBO BAG RED RETROSPOT, SET OF 3 CAKE TINS PANTRY DESIGN , PARTY BUNTING",WHITE HANGING HEART T-LIGHT HOLDER,0.5492957746478874,0.043654001616814875,-0.008615606075755903,0.7092681349054663,20.239436619718308,43
"LUNCH BAG  BLACK SKULL., ASSORTED COLOUR BIRD ORNAMENT",JUMBO BAG RED RETROSPOT,0.4117647058823529,0.06413365669630827,-0.01392787332641035,0.5992387543252595,14.166666666666666,49
"LUNCH BAG  BLACK SKULL., ASSORTED COLOUR BIRD ORNAMENT",LUNCH BAG RED RETROSPOT,0.6082474226804123,0.06413365669630827,-0.0008093514144152995,0.9704239834767885,20.051724137931036,69
"LUNCH BAG  BLACK SKULL., HEART OF WICKER SMALL",JUMBO BAG RED RETROSPOT,0.43790849673202614,0.08245755860953921,-0.012277946640752317,0.6372856593617839,14.655172413793103,67
"LUNCH BAG  BLACK SKULL., HEART OF WICKER SMALL",LUNCH BAG RED RETROSPOT,0.5666666666666667,0.08245755860953921,-0.0024983442279178894,0.9040842648323302,18.758064516129032,83
"LUNCH BAG  BLACK SKULL., HEART OF WICKER SMALL",WHITE HANGING HEART T-LIGHT HOLDER,0.43137254901960786,0.08245755860953921,-0.0164931673124559,0.5570019239428549,16.709302325581394,66
"LUNCH BAG  BLACK SKULL., HEART OF WICKER SMALL, LUNCH BAG RED RETROSPOT",JUMBO BAG RED RETROSPOT,0.5757575757575758,0.044731878199946104,-0.003962089590539781,0.8378966131907309,19.318181818181817,47
"LUNCH BAG  BLACK SKULL., HEART OF WICKER SMALL, LUNCH BAG RED RETROSPOT",NATURAL SLATE HEART CHALKBOARD ,0.4578313253012048,0.044731878199946104,-0.001289617900593551,0.940759716607293,10.879518072289157,38
"LUNCH BAG  BLACK SKULL., HEART OF WICKER SMALL, LUNCH BAG RED RETROSPOT",WHITE HANGING HEART T-LIGHT HOLDER,0.4819277108433735,0.044731878199946104,-0.013085264873792808,0.622280353145358,17.313253012048193,40
"LUNCH BAG  BLACK SKULL., HEART OF WICKER SMALL, NATURAL SLATE HEART CHALKBOARD ",JUMBO BAG RED RETROSPOT,0.6724137931034483,0.03125842091080571,-0.0004605155813943863,0.9785598377281948,21.982758620689655,39
"LUNCH BAG  BLACK SKULL., HEART OF WICKER SMALL, NATURAL SLATE HEART CHALKBOARD ",LUNCH BAG RED RETROSPOT,0.6551724137931034,0.03125842091080571,0.0008873384428633555,1.0452901236398138,20.051724137931036,38
"LUNCH BAG  BLACK SKULL., HEART OF WICKER SMALL, NATURAL SLATE HEART CHALKBOARD ",WHITE HANGING HEART T-LIGHT HOLDER,0.6724137931034483,0.03125842091080571,-0.003189625895353171,0.8682420272118638,24.775862068965516,39
"LUNCH BAG  BLACK SKULL., HEART OF WICKER SMALL, WHITE HANGING HEART T-LIGHT HOLDER",LUNCH BAG RED RETROSPOT,0.6060606060606061,0.03556992724333064,-0.0007371734756095569,0.9669350426014226,17.62121212121212,40
"LUNCH BAG  BLACK SKULL., HEART OF WICKER SMALL, WHITE HANGING HEART T-LIGHT HOLDER",NATURAL SLATE HEART CHALKBOARD ,0.5909090909090909,0.03556992724333064,0.0037080871459296326,1.214210208396255,13.681818181818182,39
"LUNCH BAG  BLACK SKULL., JUMBO BAG RED RETROSPOT",LUNCH BAG RED RETROSPOT,0.6592920353982301,0.19671247642144973,0.004717706925763683,1.0518627443520345,6.252688172043011,227
"LUNCH BAG  BLACK SKULL., JUMBO BAG RED RETROSPOT, NATURAL SLATE HEART CHALKBOARD ",HEART OF WICKER SMALL,0.4431818181818182,0.047426569657774184,-0.0002984419803738454,0.9859998364944408,9.477272727272727,39
"LUNCH BAG  BLACK SKULL., JUMBO BAG RED RETROSPOT, NATURAL SLATE HEART CHALKBOARD ",LUNCH BAG RED RETROSPOT,0.6538461538461539,0.047426569657774184,0.0007583766528040004,1.0431741517296118,22.365384615384617,54
"LUNCH BAG  BLACK SKULL., JUMBO BAG RED RETROSPOT, NATURAL SLATE HEART CHALKBOARD ",PARTY BUNTING,0.4090909090909091,0.047426569657774184,-0.0085608554058771,0.6938466012963271,12.431818181818182,36
"LUNCH BAG  BLACK SKULL., JUMBO BAG RED RETROSPOT, NATURAL SLATE HEART CHALKBOARD ",REGENCY CAKESTAND 3 TIER,0.4659090909090909,0.047426569657774184,-0.004102524332642705,0.8434090909090909,11.647727272727273,41
"LUNCH BAG  BLACK SKULL., JUMBO BAG RED RETROSPOT, NATURAL SLATE HEART CHALKBOARD ",WHITE HANGING HEART T-LIGHT HOLDER,0.5568181818181818,0.047426569657774184,-0.008319778185721098,0.7189813057506167,20.82608695652174,49
"LUNCH BAG  BLACK SKULL., JUMBO BAG RED RETROSPOT, PARTY BUNTING",LUNCH BAG RED RETROSPOT,0.5151515151515151,0.04688763136620857,-0.0039708032250032515,0.8218947862112093,17.62121212121212,44
"LUNCH BAG  BLACK SKULL., JUMBO BAG RED RETROSPOT, PARTY BUNTING",NATURAL SLATE HEART CHALKBOARD ,0.41379310344827586,0.04688763136620857,-0.0034166160731265633,0.8502692175506931,10.379310344827585,36
"LUNCH BAG  BLACK SKULL., JUMBO BAG RED RETROSPOT, PARTY BUNTING",WHITE HANGING HEART T-LIGHT HOLDER,0.4827586206896552,0.04688763136620857,-0.013676920653862416,0.6233532503059536,16.517241379310345,42
"LUNCH BAG  BLACK SKULL., JUMBO BAG RED RETROSPOT, REGENCY CAKESTAND 3 TIER",LUNCH BAG RED RETROSPOT,0.6428571428571429,0.03934249528428995,0.00048505898513315996,1.0256418130450806,20.767857142857142,46
"LUNCH BAG  BLACK SKULL., JUMBO BAG RED RETROSPOT, REGENCY CAKESTAND 3 TIER",NATURAL SLATE HEART CHALKBOARD ,0.5616438356164384,0.03934249528428995,0.002950000947607748,1.1540754562417515,12.36986301369863,41
"LUNCH BAG  BLACK SKULL., JUMBO BAG RED RETROSPOT, REGENCY CAKESTAND 3 TIER",WHITE HANGING HEART T-LIGHT HOLDER,0.6438356164383562,0.03934249528428995,-0.005138865924831397,0.8313409786370006,19.684931506849313,47
"LUNCH BAG  BLACK SKULL., JUMBO BAG RED RETROSPOT, SET OF 3 CAKE TINS PANTRY DESIGN ",LUNCH BAG RED RETROSPOT,0.660377358490566,0.03503098895176502,0.0009595163816690981,1.053594315287399,21.943396226415093,42
"LUNCH BAG  BLACK SKULL., JUMBO BAG RED RETROSPOT, SET OF 3 CAKE TINS PANTRY DESIGN ",WHITE HANGING HEART T-LIGHT HOLDER,0.5230769230769231,0.03503098895176502,-0.008805998988782721,0.6754135217600771,22.107692307692307,34
"LUNCH BAG  BLACK SKULL., JUMBO BAG RED RETROSPOT, WHITE HANGING HEART T-LIGHT HOLDER",LUNCH BAG RED RETROSPOT,0.676923076923077,0.05766639719752088,0.001756378253353424,1.0799920629671274,20.051724137931036,67
"LUNCH BAG  BLACK SKULL., JUMBO BAG RED RETROSPOT, WHITE HANGING HEART T-LIGHT HOLDER",NATURAL SLATE HEART CHALKBOARD ,0.45794392523364486,0.05766639719752088,-0.0015518982979439962,0.9409910888937187,10.75,49
"LUNCH BAG  BLACK SKULL., JUMBO BAG RED RETROSPOT, WHITE HANGING HEART T-LIGHT HOLDER",REGENCY CAKESTAND 3 TIER,0.4392523364485981,0.05766639719752088,-0.00652549562245158,0.7951538636881696,9.57943925233645,47
"LUNCH BAG  BLACK SKULL., LUNCH BAG RED RETROSPOT, NATURAL SLATE HEART CHALKBOARD ",HEART OF WICKER SMALL,0.42696629213483145,0.0479655079493398,-0.0010796193100239256,0.9499232075014146,9.370786516853933,38
"LUNCH BAG  BLACK SKULL., LUNCH BAG RED RETROSPOT, NATURAL SLATE HEART CHALKBOARD ",JUMBO BAG RED RETROSPOT,0.6119402985074627,0.0479655079493398,-0.0027156041805404063,0.8905531167690958,20.238095238095237,54
"LUNCH BAG  BLACK SKULL., LUNCH BAG RED RETROSPOT, NATURAL SLATE HEART CHALKBOARD ",WHITE HANGING HEART T-LIGHT HOLDER,0.5373134328358209,0.0479655079493398,-0.00856288858725191,0.6937961549247499,21.44776119402985,45
"LUNCH BAG  BLACK SKULL., LUNCH BAG RED RETROSPOT, PARTY BUNTING",REGENCY CAKESTAND 3 TIER,0.5909090909090909,0.07814605227701428,0.001825796874579068,1.069689578713969,12.8125,74
"LUNCH BAG  BLACK SKULL., LUNCH BAG RED RETROSPOT, WHITE HANGING HEART T-LIGHT HOLDER",JUMBO BAG RED RETROSPOT,0.4489795918367347,0.052815952573430344,-0.012579002711465203,0.6533973589435774,13.010204081632653,44
"LUNCH BAG  BLACK SKULL., NATURAL SLATE HEART CHALKBOARD ",JUMBO BAG RED RETROSPOT,0.5569620253164557,0.08515225006736729,-0.007225781378832447,0.8105435591958301,18.47826086956522,88
"LUNCH BAG  BLACK SKULL., NATURAL SLATE HEART CHALKBOARD ",LUNCH BAG RED RETROSPOT,0.5779816513761468,0.08515225006736729,-0.0022818104115006612,0.9221366759487878,19.065573770491802,89
"LUNCH BAG  BLACK SKULL., NATURAL SLATE HEART CHALKBOARD ",WHITE HANGING HEART T-LIGHT HOLDER,0.504,0.08515225006736729,-0.01047553135198356,0.6507807933194155,20.82608695652174,79
"LUNCH BAG  BLACK SKULL., NATURAL SLATE HEART CHALKBOARD , LUNCH BAG RED RETROSPOT",JUMBO BAG RED RETROSPOT,0.576271186440678,0.031797359202371325,-0.0035255365039199376,0.8386440677966103,21.610169491525422,34
"LUNCH BAG  BLACK SKULL., NATURAL SLATE HEART CHALKBOARD , PARTY BUNTING",JUMBO BAG RED RETROSPOT,0.6792452830188679,0.028563729452977634,-0.00022568313260387142,0.9885016648168701,24.056603773584907,36
"LUNCH BAG  BLACK SKULL., PARTY BUNTING",JUMBO BAG RED RETROSPOT,0.42574257425742573,0.07221773106979251,-0.013792376310503392,0.6195806639487478,13.858695652173912,54
"LUNCH BAG  BLACK SKULL., PARTY BUNTING",LUNCH BAG RED RETROSPOT,0.6590909090909091,0.13257881972514146,0.0022982210897401966,1.051541858829047,18.171875,145
"LUNCH BAG  BLACK SKULL., PARTY BUNTING",REGENCY CAKESTAND 3 TIER,0.5677966101694916,0.13257881972514146,0.0009783959230066164,1.02785035138487,8.686440677966102,112
"LUNCH BAG  BLACK SKULL., PARTY BUNTING, LUNCH BAG RED RETROSPOT",REGENCY CAKESTAND 3 TIER,0.4956521739130435,0.06197790353004581,-0.0035178394601438723,0.8972513255567339,8.91304347826087,57
"LUNCH BAG  BLACK SKULL., REGENCY CAKESTAND 3 TIER",LUNCH BAG RED RETROSPOT,0.6036036036036037,0.11802748585286985,-0.0013867749248612409,0.9630150356719576,15.506666666666666,125
"LUNCH BAG  BLACK SKULL., REGENCY CAKESTAND 3 TIER",PARTY BUNTING,0.6504854368932039,0.11802748585286985,0.0033798735811389315,1.1032684900871481,11.638297872340425,112
"LUNCH BAG  BLACK SKULL., REGENCY CAKESTAND 3 TIER",WHITE HANGING HEART T-LIGHT HOLDER,0.4205607476635514,0.05766639719752088,-0.02040776759516977,0.5430413829434375,13.429906542056075,45
"LUNCH BAG  BLACK SKULL., REGENCY CAKESTAND 3 TIER, LUNCH BAG RED RETROSPOT",PARTY BUNTING,0.7580645161290323,0.06736728644570197,0.005629153090642639,1.285730081972047,17.64516129032258,74
"LUNCH BAG  BLACK SKULL., REGENCY CAKESTAND 3 TIER, NATURAL SLATE HEART CHALKBOARD ",JUMBO BAG RED RETROSPOT,0.7735849056603774,0.028563729452977634,0.0024690083252242073,1.1257935627081022,24.056603773584907,41
"LUNCH BAG  BLACK SKULL., REGENCY CAKESTAND 3 TIER, NATURAL SLATE HEART CHALKBOARD ",WHITE HANGING HEART T-LIGHT HOLDER,0.6981132075471698,0.028563729452977634,-0.0021805870244833523,0.9014259266553748,27.11320754716981,37
"LUNCH BAG  BLACK SKULL., REGENCY CAKESTAND 3 TIER, PARTY BUNTING",LUNCH BAG RED RETROSPOT,0.7162162162162162,0.06036108865534896,0.003566635813139304,1.1426820199391137,17.102941176470587,74
"LUNCH BAG  BLACK SKULL., REGENCY CAKESTAND 3 TIER, WHITE HANGING HEART T-LIGHT HOLDER",JUMBO BAG RED RETROSPOT,0.5802469135802469,0.043654001616814875,-0.004666586936911326,0.8444299201161947,15.74074074074074,47
"LUNCH BAG  BLACK SKULL., REGENCY CAKESTAND 3 TIER, WHITE HANGING HEART T-LIGHT HOLDER",LUNCH BAG RED RETROSPOT,0.5679012345679012,0.043654001616814875,-0.0022818104115006612,0.9060539473265182,19.065573770491802,46
"LUNCH BAG  BLACK SKULL., REGENCY CAKESTAND 3 TIER, WHITE HANGING HEART T-LIGHT HOLDER",NATURAL SLATE HEART CHALKBOARD ,0.4567901234567901,0.043654001616814875,-0.0013039953974582764,0.9386202370698494,11.148148148148149,37
"LUNCH BAG  BLACK SKULL., REGENCY CAKESTAND 3 TIER, WHITE HANGING HEART T-LIGHT HOLDER",PARTY BUNTING,0.4444444444444444,0.043654001616814875,-0.00633655498183534,0.7538086532602072,13.506172839506172,36
"LUNCH BAG  BLACK SKULL., REGENCY CAKESTAND 3 TIER, WHITE HANGING HEART T-LIGHT HOLDER",SET OF 3 CAKE TINS PANTRY DESIGN ,0.41975308641975306,0.043654001616814875,-0.0015797819282271,0.9206286664915506,10.444444444444445,34
"LUNCH BAG  BLACK SKULL., SET OF 3 CAKE TINS PANTRY DESIGN ",JUMBO BAG RED RETROSPOT,0.4676258992805755,0.07491242252762059,-0.009483919750040681,0.6805332204824376,16.346153846153847,65
"LUNCH BAG  BLACK SKULL., SET OF 3 CAKE TINS PANTRY DESIGN ",LUNCH BAG RED RETROSPOT,0.6290322580645161,0.07491242252762059,7.508248362689931e-05,1.0035849998613153,19.71186440677966,77
"LUNCH BAG  BLACK SKULL., SET OF 3 CAKE TINS PANTRY DESIGN ",WHITE HANGING HEART T-LIGHT HOLDER,0.4358974358974359,0.07491242252762059,-0.021347968753778177,0.5628446014667309,12.282051282051283,60
"LUNCH BAG  BLACK SKULL., SET OF 3 CAKE TINS PANTRY DESIGN , LUNCH BAG RED RETROSPOT",JUMBO BAG RED RETROSPOT,0.5454545454545454,0.04149824845055241,-0.005879960535949515,0.7937967914438502,19.029850746268657,42
"LUNCH BAG  BLACK SKULL., SET OF 3 CAKE TINS PANTRY DESIGN , LUNCH BAG RED RETROSPOT",WHITE HANGING HEART T-LIGHT HOLDER,0.5074626865671642,0.04149824845055241,-0.00964076517038314,0.6552519240955972,21.44776119402985,39
"LUNCH BAG  BLACK SKULL., SET OF 3 CAKE TINS PANTRY DESIGN , REGENCY CAKESTAND 3 TIER",WHITE HANGING HEART T-LIGHT HOLDER,0.68,0.026946914578280787,-0.0025452526267795692,0.8780375782881003,28.74,34
"LUNCH BAG  BLACK SKULL., SET OF 3 CAKE TINS PANTRY DESIGN , WHITE HANGING HEART T-LIGHT HOLDER",JUMBO BAG RED RETROSPOT,0.5666666666666667,0.03233629749393695,-0.00389586596861741,0.8246666666666667,21.25,34
"LUNCH BAG  BLACK SKULL., SET OF 3 CAKE TINS PANTRY DESIGN , WHITE HANGING HEART T-LIGHT HOLDER",LUNCH BAG RED RETROSPOT,0.6666666666666666,0.03233629749393695,0.0010961752155045183,1.063628546861565,22.80392156862745,39
"LUNCH BAG  BLACK SKULL., SET OF 3 CAKE TINS PANTRY DESIGN , WHITE HANGING HEART T-LIGHT HOLDER",REGENCY CAKESTAND 3 TIER,0.5666666666666667,0.03233629749393695,0.0004609512631175598,1.0258048780487805,17.083333333333332,34
"LUNCH BAG  BLACK SKULL., WHITE HANGING HEART T-LIGHT HOLDER",JUMBO BAG RED RETROSPOT,0.41312741312741313,0.13958501751549449,-0.03824893415912447,0.6012218941630707,4.922779922779923,107
"LUNCH BAG  BLACK SKULL., WHITE HANGING HEART T-LIGHT HOLDER",LUNCH BAG RED RETROSPOT,0.5490196078431373,0.13958501751549449,-0.005030381175761196,0.8759293915330535,12.780219780219781,142
"LUNCH BAG  BLACK SKULL., WHITE HANGING HEART T-LIGHT HOLDER, LUNCH BAG RED RETROSPOT",JUMBO BAG RED RETROSPOT,0.47183098591549294,0.07652923740231743,-0.013521382278689478,0.6866528583264291,12.5,67
"LUNCH BAG  BLACK SKULL., WHITE HANGING HEART T-LIGHT HOLDER, NATURAL SLATE HEART CHALKBOARD ",HEART OF WICKER SMALL,0.4936708860759494,0.042576125033683646,0.0018817093623863333,1.0983289317912759,10.556962025316455,39
"LUNCH BAG  BLACK SKULL., WHITE HANGING HEART T-LIGHT HOLDER, NATURAL SLATE HEART CHALKBOARD ",JUMBO BAG RED RETROSPOT,0.620253164556962,0.042576125033683646,-0.0028480514243851497,0.90265078183172,20.238095238095237,49
"LUNCH BAG  BLACK SKULL., WHITE HANGING HEART T-LIGHT HOLDER, NATURAL SLATE HEART CHALKBOARD ",LUNCH BAG RED RETROSPOT,0.5714285714285714,0.042576125033683646,-0.001879530953770466,0.911681611595627,18.46031746031746,45
"LUNCH BAG  BLACK SKULL., WHITE HANGING HEART T-LIGHT HOLDER, NATURAL SLATE HEART CHALKBOARD ",REGENCY CAKESTAND 3 TIER,0.46835443037974683,0.042576125033683646,-0.003578834901388162,0.8478357517752392,12.974683544303797,37
"LUNCH BAG  BLACK SKULL., WHITE HANGING HEART T-LIGHT HOLDER, PARTY BUNTING",JUMBO BAG RED RETROSPOT,0.5833333333333334,0.038803556992724336,-0.004028313212462153,0.8489215686274509,17.708333333333332,42
"LUNCH BAG  BLACK SKULL., WHITE HANGING HEART T-LIGHT HOLDER, PARTY BUNTING",LUNCH BAG RED RETROSPOT,0.6111111111111112,0.038803556992724336,-0.0006082116855502018,0.9749928346231013,16.15277777777778,44
"LUNCH BAG  BLACK SKULL., WHITE HANGING HEART T-LIGHT HOLDER, PARTY BUNTING",REGENCY CAKESTAND 3 TIER,0.5,0.038803556992724336,-0.002033762283773884,0.9051219512195122,14.23611111111111,36
"LUNCH BAG RED RETROSPOT, ASSORTED COLOUR BIRD ORNAMENT",JUMBO BAG RED RETROSPOT,0.42,0.08030180544327674,-0.01439753822399138,0.6112235294117646,12.75,61
"LUNCH BAG RED RETROSPOT, ASSORTED COLOUR BIRD ORNAMENT",LUNCH BAG  BLACK SKULL.,0.5230769230769231,0.08030180544327674,0.0001806626878759434,1.009957576242696,14.784615384615385,69
"LUNCH BAG RED RETROSPOT, HEART OF WICKER SMALL",JUMBO BAG RED RETROSPOT,0.55,0.10347615198059822,-0.0052416868115003415,0.8004117647058824,18.75,105
"LUNCH BAG RED RETROSPOT, HEART OF WICKER SMALL",LUNCH BAG  BLACK SKULL.,0.5308641975308642,0.10347615198059822,0.0005650791949560255,1.0249932554823293,14.56060606060606,83
"LUNCH BAG RED RETROSPOT, HEART OF WICKER SMALL",NATURAL SLATE HEART CHALKBOARD ,0.421875,0.10347615198059822,-0.006703834674470598,0.86687603820598,5.64375,81
"LUNCH BAG RED RETROSPOT, HEART OF WICKER SMALL",WHITE HANGING HEART T-LIGHT HOLDER,0.4635416666666667,0.10347615198059822,-0.01583267382012488,0.5985397094641615,16.517241379310345,89
"LUNCH BAG RED RETROSPOT, HEART OF WICKER SMALL, NATURAL SLATE HEART CHALKBOARD ",JUMBO BAG RED RETROSPOT,0.71875,0.043654001616814875,0.0012617342703104472,1.0459926470588234,23.61111111111111,58
"LUNCH BAG RED RETROSPOT, HEART OF WICKER SMALL, NATURAL SLATE HEART CHALKBOARD ",LUNCH BAG  BLACK SKULL.,0.4691358024691358,0.043654001616814875,-0.002129612262872053,0.9058079932169422,11.864197530864198,38
"LUNCH BAG RED RETROSPOT, HEART OF WICKER SMALL, NATURAL SLATE HEART CHALKBOARD ",REGENCY CAKESTAND 3 TIER,0.5432098765432098,0.043654001616814875,-0.0004016985487659642,0.9833423667570008,16.015625,44
"LUNCH BAG RED RETROSPOT, HEART OF WICKER SMALL, NATURAL SLATE HEART CHALKBOARD ",WHITE HANGING HEART T-LIGHT HOLDER,0.654320987654321,0.043654001616814875,-0.005154986148588816,0.8448800226809969,22.453125,53
"LUNCH BAG RED RETROSPOT, HEART OF WICKER SMALL, PARTY BUNTING",JUMBO BAG RED RETROSPOT,0.6229508196721312,0.03287523578550256,-0.0021104422670524194,0.9065766634522662,20.901639344262296,38
"LUNCH BAG RED RETROSPOT, HEART OF WICKER SMALL, PARTY BUNTING",WHITE HANGING HEART T-LIGHT HOLDER,0.6065573770491803,0.03287523578550256,-0.005519651750885033,0.7832061329956534,23.557377049180328,37
"LUNCH BAG RED RETROSPOT, HEART OF WICKER SMALL, REGENCY CAKESTAND 3 TIER",JUMBO BAG RED RETROSPOT,0.7169811320754716,0.036108865534896256,0.0010569638604189036,1.043418423973363,24.056603773584907,48
"LUNCH BAG RED RETROSPOT, HEART OF WICKER SMALL, REGENCY CAKESTAND 3 TIER",NATURAL SLATE HEART CHALKBOARD ,0.6567164179104478,0.036108865534896256,0.006140498206407266,1.3494322407894084,17.037735849056602,44
"LUNCH BAG RED RETROSPOT, HEART OF WICKER SMALL, REGENCY CAKESTAND 3 TIER",WHITE HANGING HEART T-LIGHT HOLDER,0.6268656716417911,0.036108865534896256,-0.005329258837858215,0.8094288474122083,21.44776119402985,42
"LUNCH BAG RED RETROSPOT, HEART OF WICKER SMALL, REGENCY CAKESTAND 3 TIER, NATURAL SLATE HEART CHALKBOARD ",JUMBO BAG RED RETROSPOT,0.8409090909090909,0.023713284828887092,0.003646220341238996,1.223770053475936,28.977272727272727,37
"LUNCH BAG RED RETROSPOT, HEART OF WICKER SMALL, WHITE HANGING HEART T-LIGHT HOLDER",JUMBO BAG RED RETROSPOT,0.5730337078651685,0.0479655079493398,-0.00436553086619844,0.8339325842696629,18.214285714285715,51
"LUNCH BAG RED RETROSPOT, HEART OF WICKER SMALL, WHITE HANGING HEART T-LIGHT HOLDER",NATURAL SLATE HEART CHALKBOARD ,0.5955056179775281,0.0479655079493398,0.005220774088788014,1.2236552316249207,12.9,53
"LUNCH BAG RED RETROSPOT, HEART OF WICKER SMALL, WHITE HANGING HEART T-LIGHT HOLDER",PARTY BUNTING,0.4157303370786517,0.0479655079493398,-0.00833967431774602,0.7051075324035084,12.292134831460674,37
"LUNCH BAG RED RETROSPOT, HEART OF WICKER SMALL, WHITE HANGING HEART T-LIGHT HOLDER",REGENCY CAKESTAND 3 TIER,0.47191011235955055,0.0479655079493398,-0.0038613018852456456,0.8542724033981912,11.51685393258427,42
"LUNCH BAG RED RETROSPOT, HEART OF WICKER SMALL, WHITE HANGING HEART T-LIGHT HOLDER, NATURAL SLATE HEART CHALKBOARD ",JUMBO BAG RED RETROSPOT,0.7169811320754716,0.028563729452977634,0.00085219345052736,1.043418423973363,24.056603773584907,38
"LUNCH BAG RED RETROSPOT, JUMBO BAG RED RETROSPOT",LUNCH BAG  BLACK SKULL.,0.45058139534883723,0.28617623282134197,-0.010528394067728613,0.8699831207801951,3.4693140794223827,227
"LUNCH BAG RED RETROSPOT, JUMBO BAG RED RETROSPOT, NATURAL SLATE HEART CHALKBOARD ",HEART OF WICKER SMALL,0.46464646464646464,0.06790622473726758,0.0008094966416563573,1.0337548143303539,10.296296296296296,58
"LUNCH BAG RED RETROSPOT, JUMBO BAG RED RETROSPOT, NATURAL SLATE HEART CHALKBOARD ",LUNCH BAG  BLACK SKULL.,0.4657534246575342,0.06790622473726758,-0.0020523513706292864,0.8992772939147292,13.164383561643836,54
"LUNCH BAG RED RETROSPOT, JUMBO BAG RED RETROSPOT, NATURAL SLATE HEART CHALKBOARD ",PARTY BUNTING,0.4444444444444444,0.06790622473726758,-0.00633655498183534,0.7538086532602072,13.506172839506172,53
"LUNCH BAG RED RETROSPOT, JUMBO BAG RED RETROSPOT, NATURAL SLATE HEART CHALKBOARD ",REGENCY CAKESTAND 3 TIER,0.47474747474747475,0.06790622473726758,-0.0034093547110736716,0.8594087213599408,14.04109589041096,57
"LUNCH BAG RED RETROSPOT, JUMBO BAG RED RETROSPOT, NATURAL SLATE HEART CHALKBOARD ",WHITE HANGING HEART T-LIGHT HOLDER,0.5555555555555556,0.06790622473726758,-0.009571927458121729,0.7173509626536767,19.958333333333332,70
"LUNCH BAG RED RETROSPOT, JUMBO BAG RED RETROSPOT, NATURAL SLATE HEART CHALKBOARD , PARTY BUNTING",WHITE HANGING HEART T-LIGHT HOLDER,0.660377358490566,0.028563729452977634,-0.0032584636076145837,0.8527002008902193,27.11320754716981,35
"LUNCH BAG RED RETROSPOT, JUMBO BAG RED RETROSPOT, PARTY BUNTING",LUNCH BAG  BLACK SKULL.,0.4,0.04580975478307734,-0.005401872458387131,0.7723204994797087,11.305882352941177,34
"LUNCH BAG RED RETROSPOT, JUMBO BAG RED RETROSPOT, PARTY BUNTING",NATURAL SLATE HEART CHALKBOARD ,0.44166666666666665,0.0646725949878739,-0.002892055278425673,0.9075442967884828,10.623529411764705,53
"LUNCH BAG RED RETROSPOT, JUMBO BAG RED RETROSPOT, PARTY BUNTING",WHITE HANGING HEART T-LIGHT HOLDER,0.4666666666666667,0.0646725949878739,-0.018981345633499742,0.6025748086290884,14.227722772277227,56
"LUNCH BAG RED RETROSPOT, JUMBO BAG RED RETROSPOT, REGENCY CAKESTAND 3 TIER",HEART OF WICKER SMALL,0.4528301886792453,0.05712745890595527,0.00019169995819633866,1.0074657255327812,9.370786516853933,48
"LUNCH BAG RED RETROSPOT, JUMBO BAG RED RETROSPOT, REGENCY CAKESTAND 3 TIER",LUNCH BAG  BLACK SKULL.,0.4339622641509434,0.05712745890595527,-0.0047962748631759705,0.8378948815110047,10.797752808988765,46
"LUNCH BAG RED RETROSPOT, JUMBO BAG RED RETROSPOT, REGENCY CAKESTAND 3 TIER",NATURAL SLATE HEART CHALKBOARD ,0.5377358490566038,0.05712745890595527,0.002917760500092909,1.1049489124302638,13.477611940298507,57
"LUNCH BAG RED RETROSPOT, JUMBO BAG RED RETROSPOT, REGENCY CAKESTAND 3 TIER",SET OF 3 CAKE TINS PANTRY DESIGN ,0.4044943820224719,0.0479655079493398,-0.0024677012800546866,0.8871623236911307,9.50561797752809,36
"LUNCH BAG RED RETROSPOT, JUMBO BAG RED RETROSPOT, REGENCY CAKESTAND 3 TIER",WHITE HANGING HEART T-LIGHT HOLDER,0.5283018867924528,0.05712745890595527,-0.014062063297147789,0.6821601607121756,16.146067415730336,56
"LUNCH BAG RED RETROSPOT, JUMBO BAG RED RETROSPOT, REGENCY CAKESTAND 3 TIER, NATURAL SLATE HEART CHALKBOARD ",HEART OF WICKER SMALL,0.6491228070175439,0.030719482619240096,0.006133091617113316,1.4441814969077371,14.631578947368421,37
"LUNCH BAG RED RETROSPOT, JUMBO BAG RED RETROSPOT, REGENCY CAKESTAND 3 TIER, NATURAL SLATE HEART CHALKBOARD ",WHITE HANGING HEART T-LIGHT HOLDER,0.6666666666666666,0.030719482619240096,-0.003311181096118577,0.8608211551844119,25.210526315789473,38
"LUNCH BAG RED RETROSPOT, JUMBO BAG RED RETROSPOT, REGENCY CAKESTAND 3 TIER, WHITE HANGING HEART T-LIGHT HOLDER",NATURAL SLATE HEART CHALKBOARD ,0.6785714285714286,0.03018054432767448,0.005791952827868469,1.3943402942572378,16.125,38
"LUNCH BAG RED RETROSPOT, JUMBO BAG RED RETROSPOT, SET OF 3 CAKE TINS PANTRY DESIGN ",LUNCH BAG  BLACK SKULL.,0.4158415841584158,0.05443276744812719,-0.005556394242872665,0.8029074499541525,9.514851485148515,42
"LUNCH BAG RED RETROSPOT, JUMBO BAG RED RETROSPOT, SET OF 3 CAKE TINS PANTRY DESIGN ",NATURAL SLATE HEART CHALKBOARD ,0.44554455445544555,0.05443276744812719,-0.0022380970119422537,0.915512647610276,10.261363636363637,45
"LUNCH BAG RED RETROSPOT, JUMBO BAG RED RETROSPOT, SET OF 3 CAKE TINS PANTRY DESIGN ",REGENCY CAKESTAND 3 TIER,0.4158415841584158,0.05443276744812719,-0.006797215790470784,0.7527746921033567,11.647727272727273,42
"LUNCH BAG RED RETROSPOT, JUMBO BAG RED RETROSPOT, SET OF 3 CAKE TINS PANTRY DESIGN ",WHITE HANGING HEART T-LIGHT HOLDER,0.5148514851485149,0.05443276744812719,-0.013016427161531395,0.664792575290932,16.329545454545453,52
"LUNCH BAG RED RETROSPOT, JUMBO BAG RED RETROSPOT, WHITE HANGING HEART T-LIGHT HOLDER",NATURAL SLATE HEART CHALKBOARD ,0.4697986577181208,0.08030180544327674,-0.0010273375032431057,0.965350398002185,11.012195121951219,70
"LUNCH BAG RED RETROSPOT, JUMBO BAG RED RETROSPOT, WHITE HANGING HEART T-LIGHT HOLDER, NATURAL SLATE HEART CHALKBOARD ",HEART OF WICKER SMALL,0.5428571428571428,0.0377256804095931,0.0035229224135808965,1.20775950668037,11.914285714285715,38
"LUNCH BAG RED RETROSPOT, JUMBO BAG RED RETROSPOT, WHITE HANGING HEART T-LIGHT HOLDER, NATURAL SLATE HEART CHALKBOARD ",PARTY BUNTING,0.5,0.0377256804095931,-0.003380164035621047,0.8480347349177331,15.628571428571428,35
"LUNCH BAG RED RETROSPOT, JUMBO BAG RED RETROSPOT, WHITE HANGING HEART T-LIGHT HOLDER, NATURAL SLATE HEART CHALKBOARD ",REGENCY CAKESTAND 3 TIER,0.5428571428571428,0.0377256804095931,-0.0003604540123055398,0.9827038327526132,14.642857142857142,38
"LUNCH BAG RED RETROSPOT, JUMBO BAG RED RETROSPOT, WHITE HANGING HEART T-LIGHT HOLDER, PARTY BUNTING",NATURAL SLATE HEART CHALKBOARD ,0.625,0.03018054432767448,0.004175137953171621,1.2842607973421927,16.125,35
"LUNCH BAG RED RETROSPOT, NATURAL SLATE HEART CHALKBOARD ",JUMBO BAG RED RETROSPOT,0.586046511627907,0.11587173268660739,-0.005747513292104772,0.8528700410396717,19.615384615384617,126
"LUNCH BAG RED RETROSPOT, NATURAL SLATE HEART CHALKBOARD ",LUNCH BAG  BLACK SKULL.,0.4675324675324675,0.11587173268660739,-0.0020909818167506697,0.90271227211914,12.480519480519481,89
"LUNCH BAG RED RETROSPOT, NATURAL SLATE HEART CHALKBOARD ",WHITE HANGING HEART T-LIGHT HOLDER,0.4930232558139535,0.11587173268660739,-0.014649362259985662,0.6366072729038209,18.189873417721518,106
"LUNCH BAG RED RETROSPOT, NATURAL SLATE HEART CHALKBOARD , PARTY BUNTING",JUMBO BAG RED RETROSPOT,0.7,0.04149824845055241,0.0004156403639075161,1.0187058823529411,24.51923076923077,53
"LUNCH BAG RED RETROSPOT, NATURAL SLATE HEART CHALKBOARD , PARTY BUNTING",REGENCY CAKESTAND 3 TIER,0.4675324675324675,0.04149824845055241,-0.003522341504616665,0.8463477985429205,13.311688311688311,36
"LUNCH BAG RED RETROSPOT, NATURAL SLATE HEART CHALKBOARD , PARTY BUNTING",WHITE HANGING HEART T-LIGHT HOLDER,0.5844155844155844,0.04149824845055241,-0.00671908353478167,0.7546159477265949,23.95,45
"LUNCH BAG RED RETROSPOT, NATURAL SLATE HEART CHALKBOARD , WHITE HANGING HEART T-LIGHT HOLDER",JUMBO BAG RED RETROSPOT,0.5737704918032787,0.03287523578550256,-0.0037272571417492663,0.8350048216007715,20.901639344262296,35
"LUNCH BAG RED RETROSPOT, NATURAL SLATE HEART CHALKBOARD , WHITE HANGING HEART T-LIGHT HOLDER, PARTY BUNTING",JUMBO BAG RED RETROSPOT,0.7777777777777778,0.024252223120452707,0.002198014293410292,1.1318954248366013,28.333333333333332,35
"LUNCH BAG RED RETROSPOT, PARTY BUNTING",JUMBO BAG RED RETROSPOT,0.5340909090909091,0.09646995419024522,-0.007258893189793633,0.77725935828877,18.214285714285715,81
"LUNCH BAG RED RETROSPOT, PARTY BUNTING",LUNCH BAG  BLACK SKULL.,0.6271186440677966,0.16491511721907842,0.007030450739609662,1.2108414610486957,12.480519480519481,145
"LUNCH BAG RED RETROSPOT, PARTY BUNTING",REGENCY CAKESTAND 3 TIER,0.5371900826446281,0.16491511721907842,-0.0009926281926302839,0.9724450715581536,8.686440677966102,127
"LUNCH BAG RED RETROSPOT, REGENCY CAKESTAND 3 TIER",JUMBO BAG RED RETROSPOT,0.5806451612903226,0.1336566963082727,-0.003558648314881123,0.8450094876660342,20.56451612903226,106
"LUNCH BAG RED RETROSPOT, REGENCY CAKESTAND 3 TIER",LUNCH BAG  BLACK SKULL.,0.67,0.1336566963082727,0.008378740445590577,1.2936368366285123,12.480519480519481,125
"LUNCH BAG RED RETROSPOT, REGENCY CAKESTAND 3 TIER",PARTY BUNTING,0.6796116504854369,0.1336566963082727,0.004996688455835779,1.152668571732841,15.628571428571428,127
"LUNCH BAG RED RETROSPOT, REGENCY CAKESTAND 3 TIER, NATURAL SLATE HEART CHALKBOARD ",HEART OF WICKER SMALL,0.5641025641025641,0.04203718674211803,0.004818639858298876,1.2550267478325032,12.636363636363637,44
"LUNCH BAG RED RETROSPOT, REGENCY CAKESTAND 3 TIER, NATURAL SLATE HEART CHALKBOARD ",JUMBO BAG RED RETROSPOT,0.8095238095238095,0.04203718674211803,0.0027700643959370935,1.178095238095238,30.357142857142858,57
"LUNCH BAG RED RETROSPOT, REGENCY CAKESTAND 3 TIER, NATURAL SLATE HEART CHALKBOARD ",PARTY BUNTING,0.46153846153846156,0.04203718674211803,-0.005383283371531728,0.7828012937702152,14.025641025641026,36
"LUNCH BAG RED RETROSPOT, REGENCY CAKESTAND 3 TIER, NATURAL SLATE HEART CHALKBOARD ",SET OF 3 CAKE TINS PANTRY DESIGN ,0.46153846153846156,0.04203718674211803,0.00023526813051368836,1.0122749590834699,10.846153846153847,36
"LUNCH BAG RED RETROSPOT, REGENCY CAKESTAND 3 TIER, NATURAL SLATE HEART CHALKBOARD ",WHITE HANGING HEART T-LIGHT HOLDER,0.6282051282051282,0.04203718674211803,-0.006147904795701216,0.8111583962314652,21.772727272727273,49
"LUNCH BAG RED RETROSPOT, REGENCY CAKESTAND 3 TIER, PARTY BUNTING",LUNCH BAG  BLACK SKULL.,0.7066666666666667,0.0684451630288332,0.007629222654491105,1.364432882414152,13.728571428571428,74
"LUNCH BAG RED RETROSPOT, REGENCY CAKESTAND 3 TIER, WHITE HANGING HEART T-LIGHT HOLDER",HEART OF WICKER SMALL,0.4666666666666667,0.04850444624090541,0.0008338948181540732,1.0382494004796163,9.266666666666667,42
"LUNCH BAG RED RETROSPOT, REGENCY CAKESTAND 3 TIER, WHITE HANGING HEART T-LIGHT HOLDER",JUMBO BAG RED RETROSPOT,0.6222222222222222,0.04850444624090541,-0.003149107495098036,0.905516339869281,18.47826086956522,56
"LUNCH BAG RED RETROSPOT, REGENCY CAKESTAND 3 TIER, WHITE HANGING HEART T-LIGHT HOLDER",LUNCH BAG  BLACK SKULL.,0.5111111111111111,0.04850444624090541,-0.0003302467461655107,0.9868539715574054,13.927536231884059,46
"LUNCH BAG RED RETROSPOT, REGENCY CAKESTAND 3 TIER, WHITE HANGING HEART T-LIGHT HOLDER",NATURAL SLATE HEART CHALKBOARD ,0.5652173913043478,0.04850444624090541,0.002921245953878297,1.1614184602051132,13.08695652173913,49
"LUNCH BAG RED RETROSPOT, REGENCY CAKESTAND 3 TIER, WHITE HANGING HEART T-LIGHT HOLDER",PARTY BUNTING,0.5072463768115942,0.04850444624090541,-0.00306240683218651,0.8603250933948018,15.855072463768115,44
"LUNCH BAG RED RETROSPOT, REGENCY CAKESTAND 3 TIER, WHITE HANGING HEART T-LIGHT HOLDER",SET OF 3 CAKE TINS PANTRY DESIGN ,0.5072463768115942,0.04850444624090541,0.0019078502657767433,1.1125244115530888,12.26086956521739,42
"LUNCH BAG RED RETROSPOT, REGENCY CAKESTAND 3 TIER, WHITE HANGING HEART T-LIGHT HOLDER, NATURAL SLATE HEART CHALKBOARD ",JUMBO BAG RED RETROSPOT,0.7755102040816326,0.026407976286715172,0.0023335113093172497,1.12859543817527,26.020408163265305,38
"LUNCH BAG RED RETROSPOT, SET OF 3 CAKE TINS PANTRY DESIGN ",JUMBO BAG RED RETROSPOT,0.4943820224719101,0.11102128806251685,-0.0111669582466599,0.7194712491738268,15.36144578313253,101
"LUNCH BAG RED RETROSPOT, SET OF 3 CAKE TINS PANTRY DESIGN ",LUNCH BAG  BLACK SKULL.,0.44155844155844154,0.08353543519267044,-0.003168858399881901,0.8525615903347432,12.480519480519481,63
"LUNCH BAG RED RETROSPOT, SET OF 3 CAKE TINS PANTRY DESIGN ",WHITE HANGING HEART T-LIGHT HOLDER,0.43820224719101125,0.11102128806251685,-0.026409283331884692,0.5658206469470574,10.80451127819549,89
"LUNCH BAG RED RETROSPOT, SET OF 3 CAKE TINS PANTRY DESIGN , NATURAL SLATE HEART CHALKBOARD ",JUMBO BAG RED RETROSPOT,0.6551724137931034,0.037186742118027485,-0.000999453872960002,0.9534685598377283,21.982758620689655,45
"LUNCH BAG RED RETROSPOT, SET OF 3 CAKE TINS PANTRY DESIGN , NATURAL SLATE HEART CHALKBOARD ",REGENCY CAKESTAND 3 TIER,0.5217391304347826,0.037186742118027485,-0.001140614751268215,0.944475079533404,14.855072463768115,36
"LUNCH BAG RED RETROSPOT, SET OF 3 CAKE TINS PANTRY DESIGN , NATURAL SLATE HEART CHALKBOARD ",WHITE HANGING HEART T-LIGHT HOLDER,0.6086956521739131,0.037186742118027485,-0.005345379061615634,0.7859671416901154,24.775862068965516,42
"LUNCH BAG RED RETROSPOT, SET OF 3 CAKE TINS PANTRY DESIGN , PARTY BUNTING",JUMBO BAG RED RETROSPOT,0.5072463768115942,0.037186742118027485,-0.006689892859329046,0.7381926683716966,18.47826086956522,35
"LUNCH BAG RED RETROSPOT, SET OF 3 CAKE TINS PANTRY DESIGN , PARTY BUNTING",WHITE HANGING HEART T-LIGHT HOLDER,0.5217391304347826,0.037186742118027485,-0.009397654768852329,0.6736861214486702,20.82608695652174,36
"LUNCH BAG RED RETROSPOT, SET OF 3 CAKE TINS PANTRY DESIGN , REGENCY CAKESTAND 3 TIER",JUMBO BAG RED RETROSPOT,0.6101694915254238,0.037186742118027485,-0.0024476599207887057,0.8879760717846461,21.610169491525422,42
"LUNCH BAG RED RETROSPOT, SET OF 3 CAKE TINS PANTRY DESIGN , REGENCY CAKESTAND 3 TIER",NATURAL SLATE HEART CHALKBOARD ,0.5217391304347826,0.037186742118027485,0.0013044310791814498,1.072078578650874,13.08695652173913,36
"LUNCH BAG RED RETROSPOT, SET OF 3 CAKE TINS PANTRY DESIGN , REGENCY CAKESTAND 3 TIER",WHITE HANGING HEART T-LIGHT HOLDER,0.6086956521739131,0.037186742118027485,-0.005762762152415844,0.7859671416901154,24.35593220338983,42
"LUNCH BAG RED RETROSPOT, SET OF 3 CAKE TINS PANTRY DESIGN , WHITE HANGING HEART T-LIGHT HOLDER",JUMBO BAG RED RETROSPOT,0.5842696629213483,0.0479655079493398,-0.004934531196663027,0.850284203569068,16.346153846153847,52
"LUNCH BAG RED RETROSPOT, SET OF 3 CAKE TINS PANTRY DESIGN , WHITE HANGING HEART T-LIGHT HOLDER",LUNCH BAG  BLACK SKULL.,0.43820224719101125,0.0479655079493398,-0.003447985157195055,0.8460814460592314,12.320512820512821,39
"LUNCH BAG RED RETROSPOT, SET OF 3 CAKE TINS PANTRY DESIGN , WHITE HANGING HEART T-LIGHT HOLDER",NATURAL SLATE HEART CHALKBOARD ,0.47191011235955055,0.0479655079493398,-0.0007075471184337591,0.9696890514763522,11.576923076923077,42
"LUNCH BAG RED RETROSPOT, SET OF 3 CAKE TINS PANTRY DESIGN , WHITE HANGING HEART T-LIGHT HOLDER",PARTY BUNTING,0.4044943820224719,0.0479655079493398,-0.008878612609311637,0.6860505720682785,12.292134831460674,36
"LUNCH BAG RED RETROSPOT, SET OF 3 CAKE TINS PANTRY DESIGN , WHITE HANGING HEART T-LIGHT HOLDER",REGENCY CAKESTAND 3 TIER,0.47191011235955055,0.0479655079493398,-0.0038613018852456456,0.8542724033981912,13.14102564102564,42
"LUNCH BAG RED RETROSPOT, WHITE HANGING HEART T-LIGHT HOLDER",JUMBO BAG RED RETROSPOT,0.45987654320987653,0.1746160064672595,-0.01978082159552311,0.6692556281771967,9.659090909090908,149
"LUNCH BAG RED RETROSPOT, WHITE HANGING HEART T-LIGHT HOLDER, NATURAL SLATE HEART CHALKBOARD ",HEART OF WICKER SMALL,0.5,0.05712745890595527,0.0028863914160244175,1.1124100719424461,9.928571428571429,53
"LUNCH BAG RED RETROSPOT, WHITE HANGING HEART T-LIGHT HOLDER, NATURAL SLATE HEART CHALKBOARD ",JUMBO BAG RED RETROSPOT,0.660377358490566,0.05712745890595527,-0.0015292428483389743,0.9610432852386236,20.901639344262296,70
"LUNCH BAG RED RETROSPOT, WHITE HANGING HEART T-LIGHT HOLDER, NATURAL SLATE HEART CHALKBOARD ",LUNCH BAG  BLACK SKULL.,0.42857142857142855,0.05712745890595527,-0.004044869117942745,0.8274862494425449,11.44047619047619,45
"LUNCH BAG RED RETROSPOT, WHITE HANGING HEART T-LIGHT HOLDER, NATURAL SLATE HEART CHALKBOARD ",PARTY BUNTING,0.42452830188679247,0.05712745890595527,-0.008367703175270183,0.7200294919112828,13.023809523809524,45
"LUNCH BAG RED RETROSPOT, WHITE HANGING HEART T-LIGHT HOLDER, NATURAL SLATE HEART CHALKBOARD ",REGENCY CAKESTAND 3 TIER,0.4642857142857143,0.05712745890595527,-0.0039895375390997115,0.8404703832752614,12.202380952380953,49
"LUNCH BAG RED RETROSPOT, WHITE HANGING HEART T-LIGHT HOLDER, NATURAL SLATE HEART CHALKBOARD ",SET OF 3 CAKE TINS PANTRY DESIGN ,0.4166666666666667,0.04527081649151172,-0.001778017112271041,0.9138593380614657,10.071428571428571,35
"LUNCH BAG RED RETROSPOT, WHITE HANGING HEART T-LIGHT HOLDER, PARTY BUNTING",JUMBO BAG RED RETROSPOT,0.5512820512820513,0.055510644031258424,-0.005711351709081372,0.8022775263951735,16.346153846153847,56
"LUNCH BAG RED RETROSPOT, WHITE HANGING HEART T-LIGHT HOLDER, PARTY BUNTING",LUNCH BAG  BLACK SKULL.,0.42718446601941745,0.055510644031258424,-0.0050367711743677405,0.8248083004152228,9.330097087378642,44
"LUNCH BAG RED RETROSPOT, WHITE HANGING HEART T-LIGHT HOLDER, PARTY BUNTING",NATURAL SLATE HEART CHALKBOARD ,0.4368932038834951,0.055510644031258424,-0.002133969080103788,0.8977357029964841,11.576923076923077,45
"LUNCH BAG RED RETROSPOT, WHITE HANGING HEART T-LIGHT HOLDER, PARTY BUNTING",REGENCY CAKESTAND 3 TIER,0.44871794871794873,0.055510644031258424,-0.004358995640350837,0.8122889305816136,13.14102564102564,44
"NATURAL SLATE HEART CHALKBOARD , HEART OF WICKER SMALL",WHITE HANGING HEART T-LIGHT HOLDER,0.46564885496183206,0.0754513608191862,-0.01767647887259512,0.6012605778578145,15.619565217391305,62
"NATURAL SLATE HEART CHALKBOARD , PARTY BUNTING",JUMBO BAG RED RETROSPOT,0.4626865671641791,0.1336566963082727,-0.01567713544495194,0.6733450395083407,12.5,109
"NATURAL SLATE HEART CHALKBOARD , PARTY BUNTING",WHITE HANGING HEART T-LIGHT HOLDER,0.4475806451612903,0.1336566963082727,-0.02350372192004064,0.5779303320088894,12.282051282051283,111
"NATURAL SLATE HEART CHALKBOARD , REGENCY CAKESTAND 3 TIER, PARTY BUNTING",JUMBO BAG RED RETROSPOT,0.5061728395061729,0.043654001616814875,-0.00790021668630502,0.7366303558460422,15.74074074074074,41
"NATURAL SLATE HEART CHALKBOARD , REGENCY CAKESTAND 3 TIER, PARTY BUNTING",LUNCH BAG RED RETROSPOT,0.4444444444444444,0.043654001616814875,-0.00795990508237979,0.7090856979077099,14.358024691358025,36
"NATURAL SLATE HEART CHALKBOARD , REGENCY CAKESTAND 3 TIER, PARTY BUNTING",WHITE HANGING HEART T-LIGHT HOLDER,0.5555555555555556,0.043654001616814875,-0.009555807234364309,0.7173509626536767,17.74074074074074,45
"PARTY BUNTING, LUNCH BAG  BLACK SKULL.",LUNCH BAG RED RETROSPOT,0.6554621848739496,0.07491242252762059,0.0018391577807563885,1.045752436830278,20.403508771929825,83
"PARTY BUNTING, LUNCH BAG  BLACK SKULL.",REGENCY CAKESTAND 3 TIER,0.6237623762376238,0.07491242252762059,0.0038838121076096095,1.129162038155035,10.148514851485148,70
"PARTY BUNTING, LUNCH BAG RED RETROSPOT",JUMBO BAG RED RETROSPOT,0.5142857142857142,0.05119913769873349,-0.0065212840324609025,0.7484369747899159,18.214285714285715,41
"PARTY BUNTING, LUNCH BAG RED RETROSPOT",LUNCH BAG  BLACK SKULL.,0.6702127659574468,0.07706817569388305,0.008359425222529885,1.294047645404831,14.132352941176471,83
"PARTY BUNTING, LUNCH BAG RED RETROSPOT",REGENCY CAKESTAND 3 TIER,0.59,0.07706817569388305,0.002025774785515703,1.0680439024390243,10.904255319148936,66
"PARTY BUNTING, LUNCH BAG RED RETROSPOT, LUNCH BAG  BLACK SKULL.",REGENCY CAKESTAND 3 TIER,0.6825396825396826,0.05173807599029911,0.004602977405327995,1.2355632984901277,16.26984126984127,52
"PARTY BUNTING, REGENCY CAKESTAND 3 TIER, NATURAL SLATE HEART CHALKBOARD ",HEART OF WICKER SMALL,0.48148148148148145,0.043654001616814875,0.0013972312862174047,1.0712096989075406,10.296296296296296,39
"PARTY BUNTING, SET OF 3 CAKE TINS PANTRY DESIGN , NATURAL SLATE HEART CHALKBOARD ",JUMBO BAG RED RETROSPOT,0.5862068965517241,0.0377256804095931,-0.003155207039222465,0.8531034482758619,21.982758620689655,38
"PARTY BUNTING, SET OF 3 CAKE TINS PANTRY DESIGN , NATURAL SLATE HEART CHALKBOARD ",WHITE HANGING HEART T-LIGHT HOLDER,0.6379310344827587,0.0377256804095931,-0.0042675024784844025,0.823716795047153,24.775862068965516,44
"REGENCY CAKESTAND 3 TIER, LUNCH BAG  BLACK SKULL.",LUNCH BAG RED RETROSPOT,0.61,0.0652115332794395,-0.0009046204845492375,0.9732201203783319,12.372340425531915,67
"REGENCY CAKESTAND 3 TIER, LUNCH BAG  BLACK SKULL.",PARTY BUNTING,0.6702127659574468,0.0652115332794395,0.004333145191442543,1.1367274106344083,11.638297872340425,70
"REGENCY CAKESTAND 3 TIER, LUNCH BAG RED RETROSPOT",LUNCH BAG  BLACK SKULL.,0.7236842105263158,0.0582053354890865,0.009072200521641727,1.397290377348157,12.644736842105264,67
"REGENCY CAKESTAND 3 TIER, LUNCH BAG RED RETROSPOT",PARTY BUNTING,0.7236842105263158,0.0582053354890865,0.005492058575084045,1.2274186952756663,14.394736842105264,66
"REGENCY CAKESTAND 3 TIER, LUNCH BAG RED RETROSPOT, LUNCH BAG  BLACK SKULL.",PARTY BUNTING,0.7818181818181819,0.04042037186742118,0.0059469102940771755,1.3260179491440918,19.89090909090909,52
"REGENCY CAKESTAND 3 TIER, NATURAL SLATE HEART CHALKBOARD ",HEART OF WICKER SMALL,0.4017857142857143,0.12072217731069793,-0.005757098290014589,0.893900950668037,3.7232142857142856,90
"REGENCY CAKESTAND 3 TIER, NATURAL SLATE HEART CHALKBOARD ",JUMBO BAG RED RETROSPOT,0.4107142857142857,0.12072217731069793,-0.033371477268197176,0.5977100840336134,5.691964285714286,92
"REGENCY CAKESTAND 3 TIER, NATURAL SLATE HEART CHALKBOARD ",WHITE HANGING HEART T-LIGHT HOLDER,0.5,0.12072217731069793,-0.016963267891760104,0.6456158663883089,15.791208791208792,112
"REGENCY CAKESTAND 3 TIER, PARTY BUNTING",LUNCH BAG  BLACK SKULL.,0.4117647058823529,0.08245755860953921,-0.008753281500278728,0.7950358082879353,6.281045751633987,63
"REGENCY CAKESTAND 3 TIER, PARTY BUNTING, LUNCH BAG  BLACK SKULL.",LUNCH BAG RED RETROSPOT,0.7123287671232876,0.04042037186742118,0.003365496084274206,1.1364798171945487,18.46031746031746,52
"REGENCY CAKESTAND 3 TIER, PARTY BUNTING, LUNCH BAG RED RETROSPOT",LUNCH BAG  BLACK SKULL.,0.7894736842105263,0.04042037186742118,0.008765044906804412,1.5243167752888986,17.472727272727273,52
"SET OF 3 CAKE TINS PANTRY DESIGN , HEART OF WICKER SMALL, REGENCY CAKESTAND 3 TIER",NATURAL SLATE HEART CHALKBOARD ,0.65,0.03233629749393695,0.005281769530032304,1.3356312292358805,15.05,39
"SET OF 3 CAKE TINS PANTRY DESIGN , HEART OF WICKER SMALL, REGENCY CAKESTAND 3 TIER",WHITE HANGING HEART T-LIGHT HOLDER,0.5666666666666667,0.03233629749393695,-0.00671908353478167,0.7316979819067502,23.95,34
"SET OF 3 CAKE TINS PANTRY DESIGN , JUMBO BAG RED RETROSPOT, REGENCY CAKESTAND 3 TIER",LUNCH BAG RED RETROSPOT,0.5142857142857142,0.04419293990838049,-0.004244120892674091,0.8205134504360643,16.614285714285714,42
"SET OF 3 CAKE TINS PANTRY DESIGN , JUMBO BAG RED RETROSPOT, REGENCY CAKESTAND 3 TIER",NATURAL SLATE HEART CHALKBOARD ,0.573170731707317,0.04419293990838049,0.003823107120847436,1.1777611214650352,12.9,47
"SET OF 3 CAKE TINS PANTRY DESIGN , JUMBO BAG RED RETROSPOT, REGENCY CAKESTAND 3 TIER",WHITE HANGING HEART T-LIGHT HOLDER,0.5853658536585366,0.04419293990838049,-0.008356375450467671,0.7558429655277763,20.52857142857143,48
"SET OF 3 CAKE TINS PANTRY DESIGN , NATURAL SLATE HEART CHALKBOARD ",JUMBO BAG RED RETROSPOT,0.48223350253807107,0.12557262193478846,-0.013759264499542208,0.7017915795759928,14.010989010989011,109
"SET OF 3 CAKE TINS PANTRY DESIGN , NATURAL SLATE HEART CHALKBOARD ",WHITE HANGING HEART T-LIGHT HOLDER,0.5236051502145923,0.12557262193478846,-0.013814596078385241,0.6760955854023494,18.662337662337663,122
"SET OF 3 CAKE TINS PANTRY DESIGN , PARTY BUNTING",WHITE HANGING HEART T-LIGHT HOLDER,0.4010152284263959,0.1061708434384263,-0.03964834385395774,0.5178035882708265,7.2944162436548226,79
"SET OF 3 CAKE TINS PANTRY DESIGN , REGENCY CAKESTAND 3 TIER, NATURAL SLATE HEART CHALKBOARD ",HEART OF WICKER SMALL,0.48148148148148145,0.043654001616814875,0.0013972312862174047,1.0712096989075406,10.296296296296296,39
"SET OF 3 CAKE TINS PANTRY DESIGN , REGENCY CAKESTAND 3 TIER, NATURAL SLATE HEART CHALKBOARD ",JUMBO BAG RED RETROSPOT,0.6153846153846154,0.043654001616814875,-0.0025138835427110776,0.8955656108597285,19.615384615384617,47
"SET OF 3 CAKE TINS PANTRY DESIGN , REGENCY CAKESTAND 3 TIER, NATURAL SLATE HEART CHALKBOARD ",LUNCH BAG RED RETROSPOT,0.4444444444444444,0.043654001616814875,-0.00795990508237979,0.7090856979077099,14.358024691358025,36
"SET OF 3 CAKE TINS PANTRY DESIGN , REGENCY CAKESTAND 3 TIER, NATURAL SLATE HEART CHALKBOARD ",WHITE HANGING HEART T-LIGHT HOLDER,0.5802469135802469,0.043654001616814875,-0.007728122405651489,0.7492332276605068,22.107692307692307,47
"SET OF 3 CAKE TINS PANTRY DESIGN , REGENCY CAKESTAND 3 TIER, PARTY BUNTING",WHITE HANGING HEART T-LIGHT HOLDER,0.5,0.0377256804095931,-0.010353976151218155,0.6456158663883089,20.52857142857143,35
"WHITE HANGING HEART T-LIGHT HOLDER, HEART OF WICKER SMALL",NATURAL SLATE HEART CHALKBOARD ,0.4053333333333333,0.2021018593371059,-0.016436528688443346,0.8328859357696567,2.408,152
"WHITE HANGING HEART T-LIGHT HOLDER, HEART OF WICKER SMALL, LUNCH BAG RED RETROSPOT",LUNCH BAG  BLACK SKULL.,0.449438202247191,0.0479655079493398,-0.0032847497382460515,0.8677758421120322,10.797752808988765,40
"WHITE HANGING HEART T-LIGHT HOLDER, HEART OF WICKER SMALL, NATURAL SLATE HEART CHALKBOARD ",JUMBO BAG RED RETROSPOT,0.4605263157894737,0.08191862031797359,-0.016649577051075188,0.6702012383900929,10.2,70
"WHITE HANGING HEART T-LIGHT HOLDER, HEART OF WICKER SMALL, PARTY BUNTING",JUMBO BAG RED RETROSPOT,0.5362318840579711,0.04958232282403665,-0.005612016276197815,0.780375106564365,18.47826086956522,47
"WHITE HANGING HEART T-LIGHT HOLDER, HEART OF WICKER SMALL, PARTY BUNTING",LUNCH BAG RED RETROSPOT,0.40217391304347827,0.04958232282403665,-0.011136750980519871,0.6416454820740962,12.641304347826088,37
"WHITE HANGING HEART T-LIGHT HOLDER, HEART OF WICKER SMALL, PARTY BUNTING",NATURAL SLATE HEART CHALKBOARD ,0.5434782608695652,0.04958232282403665,0.0028171180220398313,1.1167485194279936,13.08695652173913,50
"WHITE HANGING HEART T-LIGHT HOLDER, HEART OF WICKER SMALL, PARTY BUNTING, NATURAL SLATE HEART CHALKBOARD ",JUMBO BAG RED RETROSPOT,0.68,0.026946914578280787,-0.00019257132164268565,0.9896,25.5,34
"WHITE HANGING HEART T-LIGHT HOLDER, HEART OF WICKER SMALL, REGENCY CAKESTAND 3 TIER",JUMBO BAG RED RETROSPOT,0.5106382978723404,0.05066019940716788,-0.008941931686412852,0.7431289111389235,13.563829787234043,48
"WHITE HANGING HEART T-LIGHT HOLDER, HEART OF WICKER SMALL, REGENCY CAKESTAND 3 TIER",LUNCH BAG RED RETROSPOT,0.44680851063829785,0.05066019940716788,-0.00911765664809283,0.7128574303433892,12.372340425531915,42
"WHITE HANGING HEART T-LIGHT HOLDER, HEART OF WICKER SMALL, REGENCY CAKESTAND 3 TIER",NATURAL SLATE HEART CHALKBOARD ,0.6276595744680851,0.05066019940716788,0.007143001851429483,1.2897257369053508,15.305084745762711,59
"WHITE HANGING HEART T-LIGHT HOLDER, HEART OF WICKER SMALL, REGENCY CAKESTAND 3 TIER, NATURAL SLATE HEART CHALKBOARD ",JUMBO BAG RED RETROSPOT,0.6101694915254238,0.031797359202371325,-0.0024476599207887057,0.8879760717846461,21.610169491525422,36
"WHITE HANGING HEART T-LIGHT HOLDER, HEART OF WICKER SMALL, SET OF 3 CAKE TINS PANTRY DESIGN ",JUMBO BAG RED RETROSPOT,0.5492957746478874,0.04527081649151172,-0.0052747986224615274,0.7993869096934549,19.318181818181817,43
"WHITE HANGING HEART T-LIGHT HOLDER, HEART OF WICKER SMALL, SET OF 3 CAKE TINS PANTRY DESIGN ",NATURAL SLATE HEART CHALKBOARD ,0.6428571428571429,0.04527081649151172,0.007071114367105856,1.3209539629805411,13.681818181818182,54
"WHITE HANGING HEART T-LIGHT HOLDER, HEART OF WICKER SMALL, SET OF 3 CAKE TINS PANTRY DESIGN ",REGENCY CAKESTAND 3 TIER,0.40476190476190477,0.04527081649151172,-0.006684228996927791,0.7327177700348433,12.202380952380953,34
"WHITE HANGING HEART T-LIGHT HOLDER, JUMBO BAG RED RETROSPOT, HEART OF WICKER SMALL",NATURAL SLATE HEART CHALKBOARD ,0.5147058823529411,0.03664780382646187,0.0010277731849662793,1.057626538987688,13.279411764705882,35
"WHITE HANGING HEART T-LIGHT HOLDER, JUMBO BAG RED RETROSPOT, LUNCH BAG RED RETROSPOT",LUNCH BAG  BLACK SKULL.,0.4731182795698925,0.08030180544327674,-0.0022455036012362034,0.9134973649759994,12.164556962025317,67
"WHITE HANGING HEART T-LIGHT HOLDER, JUMBO BAG RED RETROSPOT, NATURAL SLATE HEART CHALKBOARD ",HEART OF WICKER SMALL,0.43209876543209874,0.08730800323362975,-0.0015170437600901163,0.9613420374811262,9.065217391304348,70
"WHITE HANGING HEART T-LIGHT HOLDER, JUMBO BAG RED RETROSPOT, NATURAL SLATE HEART CHALKBOARD ",LUNCH BAG RED RETROSPOT,0.44565217391304346,0.08730800323362975,-0.008980997814257409,0.7110125612172418,12.641304347826088,70
"WHITE HANGING HEART T-LIGHT HOLDER, JUMBO BAG RED RETROSPOT, NATURAL SLATE HEART CHALKBOARD ",PARTY BUNTING,0.42391304347826086,0.08730800323362975,-0.008215069344918401,0.7189859709085128,11.891304347826088,66
"WHITE HANGING HEART T-LIGHT HOLDER, JUMBO BAG RED RETROSPOT, NATURAL SLATE HEART CHALKBOARD ",SET OF 3 CAKE TINS PANTRY DESIGN ,0.49295774647887325,0.08730800323362975,0.0014164012820370385,1.081185695734692,11.915492957746478,70
"WHITE HANGING HEART T-LIGHT HOLDER, JUMBO BAG RED RETROSPOT, NATURAL SLATE HEART CHALKBOARD , PARTY BUNTING",LUNCH BAG RED RETROSPOT,0.5303030303030303,0.03556992724333064,-0.0034318649334376355,0.8460681622762447,17.62121212121212,35
"WHITE HANGING HEART T-LIGHT HOLDER, JUMBO BAG RED RETROSPOT, PARTY BUNTING",LUNCH BAG RED RETROSPOT,0.4409448818897638,0.0684451630288332,-0.011956703983532393,0.7035023459556807,11.182692307692308,56
"WHITE HANGING HEART T-LIGHT HOLDER, JUMBO BAG RED RETROSPOT, PARTY BUNTING",NATURAL SLATE HEART CHALKBOARD ,0.5196850393700787,0.0684451630288332,0.002260316779824102,1.0678577968451617,11.148148148148149,66
"WHITE HANGING HEART T-LIGHT HOLDER, JUMBO BAG RED RETROSPOT, PARTY BUNTING, NATURAL SLATE HEART CHALKBOARD ",HEART OF WICKER SMALL,0.5151515151515151,0.03556992724333064,0.002336125399656291,1.1461194680619142,12.636363636363637,34
"WHITE HANGING HEART T-LIGHT HOLDER, JUMBO BAG RED RETROSPOT, REGENCY CAKESTAND 3 TIER",HEART OF WICKER SMALL,0.44036697247706424,0.05874427378065211,-0.0005350171560570543,0.9797373110685763,7.651376146788991,48
"WHITE HANGING HEART T-LIGHT HOLDER, JUMBO BAG RED RETROSPOT, REGENCY CAKESTAND 3 TIER",LUNCH BAG  BLACK SKULL.,0.43119266055045874,0.05874427378065211,-0.005094716843549816,0.8325473274207869,8.81651376146789,47
"WHITE HANGING HEART T-LIGHT HOLDER, JUMBO BAG RED RETROSPOT, REGENCY CAKESTAND 3 TIER",LUNCH BAG RED RETROSPOT,0.5256410256410257,0.05874427378065211,-0.004251817936450157,0.8386302004100801,14.91025641025641,56
"WHITE HANGING HEART T-LIGHT HOLDER, JUMBO BAG RED RETROSPOT, REGENCY CAKESTAND 3 TIER",NATURAL SLATE HEART CHALKBOARD ,0.5504587155963303,0.05874427378065211,0.0037477341827384207,1.131092078393124,11.576923076923077,60
"WHITE HANGING HEART T-LIGHT HOLDER, JUMBO BAG RED RETROSPOT, REGENCY CAKESTAND 3 TIER",PARTY BUNTING,0.44871794871794873,0.05874427378065211,-0.0059222216630973445,0.7610568133877093,14.025641025641026,46
"WHITE HANGING HEART T-LIGHT HOLDER, JUMBO BAG RED RETROSPOT, REGENCY CAKESTAND 3 TIER",SET OF 3 CAKE TINS PANTRY DESIGN ,0.48717948717948717,0.05874427378065211,0.0013131447136449199,1.0685124568103292,10.846153846153847,48
"WHITE HANGING HEART T-LIGHT HOLDER, JUMBO BAG RED RETROSPOT, REGENCY CAKESTAND 3 TIER, NATURAL SLATE HEART CHALKBOARD ",HEART OF WICKER SMALL,0.6,0.03233629749393695,0.004867436211294308,1.3348920863309353,13.9,36
"WHITE HANGING HEART T-LIGHT HOLDER, JUMBO BAG RED RETROSPOT, REGENCY CAKESTAND 3 TIER, NATURAL SLATE HEART CHALKBOARD ",LUNCH BAG RED RETROSPOT,0.6333333333333333,0.03233629749393695,0.00021174131746231953,1.0104471195184865,19.383333333333333,38
"WHITE HANGING HEART T-LIGHT HOLDER, JUMBO BAG RED RETROSPOT, SET OF 3 CAKE TINS PANTRY DESIGN ",LUNCH BAG RED RETROSPOT,0.42276422764227645,0.06628940986257073,-0.01243116138006833,0.6744961516683096,10.869158878504672,52
"WHITE HANGING HEART T-LIGHT HOLDER, JUMBO BAG RED RETROSPOT, SET OF 3 CAKE TINS PANTRY DESIGN ",NATURAL SLATE HEART CHALKBOARD ,0.5774647887323944,0.06628940986257073,0.005465191535488346,1.186584624023209,14.80327868852459,70
"WHITE HANGING HEART T-LIGHT HOLDER, LUNCH BAG  BLACK SKULL.",LUNCH BAG RED RETROSPOT,0.5428571428571428,0.06090002694691458,-0.003705182601108476,0.8660975310158456,17.62121212121212,57
"WHITE HANGING HEART T-LIGHT HOLDER, LUNCH BAG RED RETROSPOT",LUNCH BAG  BLACK SKULL.,0.47560975609756095,0.1746160064672595,-0.0018698007286195911,0.9183079109667267,12.986486486486486,142
"WHITE HANGING HEART T-LIGHT HOLDER, NATURAL SLATE HEART CHALKBOARD , PARTY BUNTING",JUMBO BAG RED RETROSPOT,0.6022727272727273,0.05982215036378335,-0.003793480763671638,0.8764839572192513,19.318181818181817,66
"WHITE HANGING HEART T-LIGHT HOLDER, NATURAL SLATE HEART CHALKBOARD , PARTY BUNTING",LUNCH BAG RED RETROSPOT,0.40540540540540543,0.05982215036378335,-0.013243417339304788,0.6468011433617625,10.477477477477477,45
"WHITE HANGING HEART T-LIGHT HOLDER, NATURAL SLATE HEART CHALKBOARD , PARTY BUNTING",REGENCY CAKESTAND 3 TIER,0.40540540540540543,0.05982215036378335,-0.008794235582257037,0.7338826631509558,9.234234234234235,45
"WHITE HANGING HEART T-LIGHT HOLDER, PARTY BUNTING, NATURAL SLATE HEART CHALKBOARD ",HEART OF WICKER SMALL,0.45045045045045046,0.05982215036378335,5.838135090524859e-05,1.0021712359841857,9.477272727272727,50
"WHITE HANGING HEART T-LIGHT HOLDER, PARTY BUNTING, NATURAL SLATE HEART CHALKBOARD ",SET OF 3 CAKE TINS PANTRY DESIGN ,0.42045454545454547,0.047426569657774184,-0.0016830384966192188,0.9221671502256609,9.613636363636363,37
"WHITE HANGING HEART T-LIGHT HOLDER, REGENCY CAKESTAND 3 TIER, NATURAL SLATE HEART CHALKBOARD ",HEART OF WICKER SMALL,0.5373134328358209,0.06036108865534896,0.004666586936911326,1.1954257489530764,12.447761194029852,59
"WHITE HANGING HEART T-LIGHT HOLDER, REGENCY CAKESTAND 3 TIER, NATURAL SLATE HEART CHALKBOARD ",JUMBO BAG RED RETROSPOT,0.5357142857142857,0.06036108865534896,-0.008640875615699966,0.7796218487394958,15.36144578313253,60
"WHITE HANGING HEART T-LIGHT HOLDER, REGENCY CAKESTAND 3 TIER, NATURAL SLATE HEART CHALKBOARD ",LUNCH BAG RED RETROSPOT,0.46987951807228917,0.06036108865534896,-0.007018687333083978,0.749665903510862,14.012048192771084,49
"WHITE HANGING HEART T-LIGHT HOLDER, REGENCY CAKESTAND 3 TIER, NATURAL SLATE HEART CHALKBOARD ",PARTY BUNTING,0.4017857142857143,0.06036108865534896,-0.011336583664215449,0.6814564834160356,9.767857142857142,45
"WHITE HANGING HEART T-LIGHT HOLDER, REGENCY CAKESTAND 3 TIER, NATURAL SLATE HEART CHALKBOARD ",SET OF 3 CAKE TINS PANTRY DESIGN ,0.43373493975903615,0.06036108865534896,-0.000993354328835573,0.951294539861574,10.19277108433735,47
"WHITE HANGING HEART T-LIGHT HOLDER, REGENCY CAKESTAND 3 TIER, PARTY BUNTING",JUMBO BAG RED RETROSPOT,0.45454545454545453,0.05766639719752088,-0.009652528576908825,0.6614973262032086,16.558441558441558,46
"WHITE HANGING HEART T-LIGHT HOLDER, REGENCY CAKESTAND 3 TIER, PARTY BUNTING",LUNCH BAG RED RETROSPOT,0.45454545454545453,0.05766639719752088,-0.007147649123143333,0.7252012819510669,15.103896103896103,44
"WHITE HANGING HEART T-LIGHT HOLDER, REGENCY CAKESTAND 3 TIER, PARTY BUNTING",NATURAL SLATE HEART CHALKBOARD ,0.4205607476635514,0.05766639719752088,-0.0038117793960449247,0.864175489800354,8.439252336448599,45
"WHITE HANGING HEART T-LIGHT HOLDER, SET OF 3 CAKE TINS PANTRY DESIGN , NATURAL SLATE HEART CHALKBOARD ",HEART OF WICKER SMALL,0.4426229508196721,0.06575047157100512,-0.0004504949017613959,0.9847564571293785,9.164835164835164,54
"WHITE HANGING HEART T-LIGHT HOLDER, SET OF 3 CAKE TINS PANTRY DESIGN , NATURAL SLATE HEART CHALKBOARD ",JUMBO BAG RED RETROSPOT,0.5882352941176471,0.06575047157100512,-0.0042631456612526675,0.8560553633217993,20.238095238095237,70
"WHITE HANGING HEART T-LIGHT HOLDER, SET OF 3 CAKE TINS PANTRY DESIGN , PARTY BUNTING",JUMBO BAG RED RETROSPOT,0.4936708860759494,0.05066019940716788,-0.008237434340041308,0.7184363365599404,16.139240506329113,43
"WHITE HANGING HEART T-LIGHT HOLDER, SET OF 3 CAKE TINS PANTRY DESIGN , PARTY BUNTING",NATURAL SLATE HEART CHALKBOARD ,0.46835443037974683,0.05066019940716788,-0.0007794346027573861,0.9623827747171874,11.430379746835444,44
"WHITE HANGING HEART T-LIGHT HOLDER, SET OF 3 CAKE TINS PANTRY DESIGN , REGENCY CAKESTAND 3 TIER",JUMBO BAG RED RETROSPOT,0.48,0.05389382915656157,-0.010257690490396812,0.6985411764705882,15.36144578313253,48
"WHITE HANGING HEART T-LIGHT HOLDER, SET OF 3 CAKE TINS PANTRY DESIGN , REGENCY CAKESTAND 3 TIER",LUNCH BAG RED RETROSPOT,0.42168674698795183,0.05389382915656157,-0.009174440499346442,0.6727770928943634,14.012048192771084,42
"WHITE HANGING HEART T-LIGHT HOLDER, SET OF 3 CAKE TINS PANTRY DESIGN , REGENCY CAKESTAND 3 TIER",NATURAL SLATE HEART CHALKBOARD ,0.47,0.05389382915656157,-0.0008979400314605773,0.9657641196013288,10.879518072289157,47
